Q1,登坂車線のある高速自動車国道では、大型貨物自動車は必ず登坂車線を通行しなければならない。,×

Q2,この標識は学童、幼児のため「横断歩道」があることを表している。,×

Q3,前方の自転車を追い越そうとしたが、左右にふらついており危険が予測されたので、危険を避けるためやむを得ず警音器を鳴らした。,○

Q4,バスの運転手は、乗客が少なければ、乗客と世間話をしてもよい。,×

Q5,この標識は、「車線数減少」を表している。,×

Q6,路線バスの運転者は、運転中にドアが故障して閉まらなくなったが、乗客が少なかったので、乗客に注意するように言って運転を続けた。,×

Q7,路線バスの運転者は、客の乗り降りのため停止中、窓から手を出している乗客がいたので注意してやめさせた。,○

Q8,タイヤの空気圧は、ウェア・インジケーターなどで点検するのがよい。,×

Q9,事業用の自動車、自家用の大型車、及び自家用普通貨物自動車は、6ヶ月点検をし、必要な整備をしなけらばならない。,×

Q10,夜間、一般道路に駐車するときは、道路照明などにより、50メートル後方から明瞭に見える場所であっても、非常点滅灯、駐車灯又は尾灯をつけなければならない。,×

Q11,道路の曲がり角付近では、見通しが効く場合であっても、徐行しなければならない。,○

Q12,路線バスの運転者は、運行予定時間どおり運行するためには、多少の急発進や急加速をしてもやむを得ない。,×

Q13,バスの運転者は、警報装置のない踏切を車掌の誘導に従って通過するときは、乗降口のドアを開けておかなければならない。,×

Q14,タクシーを運転中、乗客から歩行者用道路を通るように求められたので、歩行者に注意しながら通行した。,×

Q15,この標識のあるところでは、横断歩道とその手前から30メートル以内の場所では、自動車や原動機付自転車を追い越すことができる。,×

Q16,歩道や路側帯のない道路に駐車や停車をするときは、道路の左側に0.75メートル以内の余地をあけておかなければならない。,×

Q17,白や黄の杖を持って歩いている人や、歩行補助者を使っていたり、その通行に支障のある高齢者が通行している場合には、あらかじめ手前で減速をして、これらの人が安全に通れるようにしなければならない。,×

Q18,高速道路を走行するときは、タイヤの空気圧はやや低めにしておくのがよい。,×

Q19,自転車横断帯に近づいたときは、自転車がいないことが明らかな場合でも徐行しなければならない。,×

Q20,追い越しをするときは、前の車との車間距離をできるだけつめて、その直近から追い越しの運転操作に入ったほうがよい。,×

Q21,同乗者が車から降りる際、ドアを不用意に開けたことによって交通事故が発生したときは、その同乗者への注意をおこたった運転者に責任が及ぶので運転者は、同乗者がドアを不用意に開けないように注意しなければならない。,○

Q22,横断歩道の直前で停止している車があるときは、その側方を通って前方に出るときは、徐行しなければならない。,×

Q23,車で交差点を右折または左折するときは、横断歩道に歩行者がいないか確認し、また、車の左側を通行している歩行者や自転車などを巻き込まないようにしなければならない。,○

Q24,観光バスを運転中、高速道路で故障して動かなくなったので、事業所に連絡した後、他の観光バスでけん引してパーキングエリアまで移動させた。,×

Q25,オートマチック車でエンジンを始動するときは、ハンドブレーキがかかっており、チェンジレバーが「P」の位置にあることを確認したうえでブレーキペダルを踏むことが大切である。,○

Q26,後続車に追い越されるときで、相手に追い越しのための十分な余地がないときは、できるだけ左側に寄り、進路をゆずるのがよい。,○

Q27,交通量の多い市街地の道路などでは、前照灯を下向きに切り替えるのがよい。,○

Q28,この標識は、7時30分から9時までの間、直進しかできいないことを表している。,○

Q29,この標識は、「横断歩道」があることを表している。,×

Q30,路線バスの運転者は、夜間、乗客がいない場合であっても、運行中は室内灯をつけておかなければならない。,○

Q31,車を車庫に入れるために歩道を横切る場合は、その直前で減速するとともに歩行者の通行を妨げないようにしなければならない。,×

Q32,タクシーを運転中、乗客から停止を求められたが、道路の曲がり角であったので、曲がり角から3メートル先に停車した。,×

Q33,この標識のある交差点で右折しようとする原動機付自転車は、右折する地点まで直進している間は右折の合図を行ってはならない。,×

Q34,この標識のある道路は、路肩が崩れやすいので注意の必要がある。,×

Q35,高速道路上は、危険なので、故障などでやむを得ず駐車する場合は、必要な危険防止措置をとった後、後続事故を避けるため車に乗って待つのがよい。,×

Q36,幼児を自動車に乗せるときは、運転者の目の届きやすい前部座席に乗せるほうがよい。,×

Q37,原動機付自転車の積載装置に積める積載物の重量は、60キログラムまでである。,×

Q38,旅客自動車の運転者は、乗務を終了した運転者から、ハンドル、ブレーキなどについて異常がないと申し継ぎを受けた場合は、点検を省略してもよい。,×

Q39,タクシーの運転中、乗客からラジオの音量をもっと上げろと言われたが、緊急自動車のサイレンなどが聞こえなくなると困るので断った。,○

Q40,自動車損害賠償責任保険証明書または責任共済証明書の有効期限が過ぎているバスやタクシーを運転した場合は、車の所有者である会社と運転者が責任をおわなければならない。,○

Q41,路線バスを運転中、停留所から盲導犬を連れた乗客が乗車しようとしたが、他の乗客の迷惑になる恐れがあるので乗車を断った。,×

Q42,自動車の運転者はシートベルトを装着し、乗車している人にも装着するよう指示しなければならない。,○

Q43,この標識は、「合流交通」を表している。,×

Q44,交通事故を起こしたとき、後続事故の恐れがある場合でも負傷者が頭部に傷を負っている時には、医者や緊急自動車が、到着するまでその負傷者を移動さてはならない。,×

Q45,"この信号機の信号に対面する車は、交差点を徐行しなければならない。
",×

Q46,この標識のある交差点で右折する小型特殊自動車は、原動機付自転車と同じように2段階右折をしなければならない。,×

Q47,この標識は、自転車および歩行者の専用道路を表している。,×

Q48,この信号機の信号に対する車は、徐行して通行することができる。,×

Q49,車の総重量が750キログラムを越える車をけん引している車でけん引する為の構造と装置のあるものは車両通行帯がもうけられた自動車専用道路(標識、表示により指定された区間に限る)では、そのもっとも左側の車両通行帯を通行しなければならない。,○

Q50,路側帯を通行している歩行者の側方を通過する時は、その歩行者との間に安全な間隔をあけるか、手前で減速して通行しなければならない。,×

Q51,車掌が乗務しない路線バスの運転者は、停留所などで発進するときには、安全の確認ができた場合を除いて警音器を鳴らさなければならない。,○

Q52,狭い坂道で行き違うときは、下りの車が加速がつくので、上りの車がゆずるのがよい。,×

Q53,この標識のある車両通行帯では、路線バスなどの他に小型特殊自動車、原動機付自転車、軽車両が通行することができる。,○

Q54,普通自動二輪車の積載装置に積める積載物の重量は、80キログラムまでである。,×

Q55,旅客自動車の運転者は、山間部などで危険な場所を通過するときは、乗客を降ろさなければならない。,○

Q56,故障車をやむを得ず一般車両でけん引するときは、丈夫なロープなどで確実につなぎ、ロープに30センチメートル平方以下の赤い布をつけなければならない。,×

Q57,この標識のある場所では、矢印のように進行してもよい。,×

Q58,普通自動二輪免許では、小型特殊自動車は運転できないが原動機付自転車は運転できる。,×

Q59,ガソリンスタンドから出るとき、誘導員の合図があったので、徐行して歩道を横切った。,×

Q60,普通自動車は、高速自動車国道の本線車道で中央分離帯のあるところを通行するときの法定最高速度は、80キロメートル毎時である。,×

Q61,タクシー、ハイヤーなどは、一日一回の日常点検の他に、3ヶ月ごとに定期点検を行わななければならない。,○

Q62,トンネル内を通行するときは方向指示器をつけるか、非常点滅表示灯をつけるようにする。,×

Q63,路面がぬれタイヤがすり減っている時の停止距離は、乾燥した路面でタイヤの状態がよい時よりも約2倍程度伸びることもある。,○

Q64,道路に平行して駐車している車の右側には、停車はできるが駐車はできない。,×

Q65,横断歩道、自転車横断帯とその前後10メートル以内の場所は、駐車も停車もしてはならない。,×

Q66,標識や標示で横断や転回が禁止されていても、後退はすることができる。,○

Q67,道路工事の区域の端から5メートル以内の場所には、停車できるが駐車はできない。,○

Q68,タクシーが乗客を降ろすため安全地帯の左側に停車した。,×

Q69,高速自動車国道を通行中、故障したが昼間であったので路側帯に入れて止め、非常点滅表示灯だけをつけた。,×

Q70,信号機が設置されている踏切で信号機の表示に従い通過するときは、安全確認をすれば一時停止の必要はない。,○

Q71,対向車と正面衝突の恐れが生じた時は、警音器とブレーキを同時に使い、できる限り左側によけ、衝突する直前まであきらめないで、道路外が危険な場所でないときは、道路外に出ることをためらってはならない。,○

Q72,右折する時も、転回する時の合図と行う場所や方法は同じである。,○

Q73,この標識は、二輪の自動車以外の自動車は通行できないことを表している。,×

Q74,タクシーを運転中、乗客から停車を求められたが、踏切であったので踏切から5メートル先に停車した。,×

Q75,この標識板は、一方通行を表している。,×

Q76,徐行する時の合図の時期は、徐行するときである。,○

Q77,最高速度が指定されていない一般道路では、大型貨物自動車の最高速度は60キロメートル毎時である。,○

Q78,やむを得ずバックで発進する場合で、後方の見通しがよくないときは、同乗者などに後方の確認を手伝ってもらうことも必要である。,○

Q79,この標識は、大型自動車以外の車は直進できないことを表している。,×

Q80,旅客自動車の運転者は、道路が損害していたり路面がいちじるしく凍っている場合など、重大な事故が発生する恐れがあるときは、ただちに運転を中止しなければならない。,○

Q81,自動車で通行中、この信号機の信号に対する黄色矢印の方向に進むことができる。,×

Q82,踏切警手のいる踏切を通過しようとするときは、安全確認をしたり一時停止をしたりする必要はない。,×

Q83,バスや路面電車の運行時間中、停留所の表示板10メートル以内の場所に停車してもよい。,×

Q84,この標識は、荷物の重さが5.5トンを超える車の通行はできないことを表している。,×

Q85,車線減少のための進路を変更する場合には、後続車がなければ合図を出さなくてもよい。,×

Q86,駐車や停車が禁止されていない道路(特定地域は除く)上に駐車する場合、道路上に引き続き12時間(夜は8時間以上)駐車してはならない。,○

Q87,この標識と標示の意味は同じである。,○

Q88,総排気量660cc以下の普通自動車の高速自動車国道での法定最高速度は、100キロメートル毎時である。,○

Q89,クリープ現象とは、オートマチック車が停止しているとき、ブレーキペダルをしっかり踏んでおかないとアクセルペダルを踏まなくても自動車が走り出すことをいう。,○

Q90,故障車をロープやクレーンでけん引するときは、けん引免許が必要である。,×

