id,text,label
1,登坂 車線 ある 高速 自動 車 国道 大型 貨物 自動 車 必ず 登坂 車線 通行 し なけれ なら ない,0
2,前方 自転 車 追い越そう し た 左右 ふらつい おり 危険 予測 さ れ た で 危険 避ける ため やむ 得 ず 警音 器 鳴らし た,1
3,バス 運転 手 乗客 少なけれ 乗客 世間 話 し よい,0
4,路線 バス 運転 者 運転 中 ドア 故障 し 閉まら なく なっ た 乗客 少なかっ た で 乗客 注意 する よう に 言っ 運転 続け た,0
5,路線 バス 運転 者 客 乗り降り ため 停止 中 窓 手 出し いる 乗客 い た で 注意 し やめ させ た,1
6,タイヤ 空気 圧 ウェア インジケーター 点検 する よい,0
7,事業 用 自動 車 自家 用 大型 車 及び 自家 用 普通 貨物 自動 車 6 ヶ月 点検 し 必要 な 整備 しな けら なら ない,0
8,夜間 一般 道路 駐車 する とき 道路 照明 より 50 メートル 後方 明瞭 に 見える 場所 で あっ 非常 点滅 灯 駐車 灯 又 尾灯 つけ なけれ なら ない,0
9,道路 曲がり角 付近 見通し 効く 場合 で あっ 徐行 し なけれ なら ない,1
10,路線 バス 運転 者 運行 予定 時間 どおり 運行 する ため 多少 急 発進 急 加速 し やむ 得 ない,0
11,バス 運転 者 警報 装置 ない 踏切 車掌 誘導 従っ 通過 する とき 乗降 口 ドア 開け おか なけれ なら ない,0
12,タクシー 運転 中 乗客 歩行 者 用 道路 通る よう に 求め られ た で 歩行 者 注意 し 通行 し た,0
13,歩道 路側 帯 ない 道路 駐車 停車 する とき 道路 左側 0 75 メートル 以内 余地 あけ おか なけれ なら ない,0
14,白 黄 杖 持っ 歩い いる 人 歩行 補助 者 使っ い その 通行 支障 ある 高齢 者 通行 し いる 場合 あらかじめ 手前 減速 し これ ら 人 安全 に 通れる よう に し なけれ なら ない,0
15,高速 道路 走行 する とき タイヤ 空気 圧 やや 低め に し おく よい,0
16,自転 車 横断 帯 近づい た とき 自転 車 い ない こと 明らか な 場合 徐行 し なけれ なら ない,0
17,追い越し する とき 前 車 車間 距離 できる つめ その 直近 追い越し 運転 操作 入っ た ほう よい,0
18,同乗 者 車 降りる 際 ドア 不 用意 開け た こと よっ 交通 事故 発生 し た とき その 同乗 者 注意 おこたっ た 運転 者 責任 及ぶ で 運転 者 同乗 者 ドア 不 用意 開け ない よう に 注意 し なけれ なら ない,1
19,横断 歩道 直前 停止 し いる 車 ある とき その 側方 通っ 前方 出る とき 徐行 し なけれ なら ない,0
20,車 交差 点 右折 また 左折 する とき 横断 歩道 歩行 者 い ない 確認 し また 車 左側 通行 し いる 歩行 者 自転 車 巻き込ま ない よう に し なけれ なら ない,1
21,観光 バス 運転 中 高速 道路 故障 し 動か なく なっ た で 事業 所 連絡 し た 後 他 観光 バス けん引 し パーキング エリア 移動 さ せ た,0
22,オートマチック 車 エンジン 始動 する とき ハンド ブレーキ かかっ おり チェンジ レバー P 位置 ある こと 確認 し た うえ ブレーキ ペダル 踏む こと 大切 で ある,1
23,後続 車 追い越さ れる とき 相手 追い越し ため 十分 な 余地 ない とき できる 左側 寄り 進路 ゆずる よい,1
24,交通 量 多い 市街 地 道路 前 照灯 下向き 切り替える よい,1
25,路線 バス 運転 者 夜間 乗客 い ない 場合 で あっ 運行 中 室内 灯 つけ おか なけれ なら ない,1
26,車 車庫 入れる ため 歩道 横切る 場合 その 直前 減速 する とも 歩行 者 通行 妨げ ない よう に し なけれ なら ない,0
27,タクシー 運転 中 乗客 停止 求め られ た 道路 曲がり角 で あっ た で 曲がり角 3 メートル 先 停車 し た,0
28,高速 道路 上 危険 な で 故障 やむ 得 ず 駐車 する 場合 必要 な 危険 防止 措置 とっ た 後 後続 事故 避ける ため 車 乗っ 待つ よい,0
29,幼児 自動 車 乗せる とき 運転 者 目 届き やすい 前部 座席 乗せる ほう よい,0
30,原動 機 付 自転 車 積載 装置 積める 積載 物 重量 60 キログラム で ある,0
31,旅客 自動 車 運転 者 乗務 終了 し た 運転 者 ハンドル ブレーキ つい 異常 ない 申し継ぎ 受け た 場合 点検 省略 し よい,0
32,タクシー 運転 中 乗客 ラジオ 音量 もっと 上げろ 言わ れ た 緊急 自動 車 サイレン 聞こえ なく なる 困る で 断っ た,1
33,自動 車 損害 賠償 責任 保険 証明 書 また 責任 共済 証明 書 有効 期限 過ぎ いる バス タクシー 運転 し た 場合 車 所有 者 で ある 会社 運転 者 責任 おわ なけれ なら ない,1
34,路線 バス 運転 中 停留 所 盲導 犬 連れ た 乗客 乗車 しよう し た 他 乗客 迷惑 に なる 恐れ ある で 乗車 断っ た,0
35,自動 車 運転 者 シート ベルト 装着 し 乗車 し いる 人 装着 する よう 指示 し なけれ なら ない,1
36,交通 事故 起こし た とき 後続 事故 恐れ ある 場合 負傷 者 頭部 傷 負っ いる 時 医者 緊急 自動 車 到着 する その 負傷 者 移動 さて なら ない,0
37,この 信号 機 信号 対面 する 車 交差 点 徐行 し なけれ なら ない,0
38,この 信号 機 信号 対する 車 徐行 し 通行 する こと できる,0
39,路側 帯 通行 し いる 歩行 者 側方 通過 する 時 その 歩行 者 間 安全 な 間隔 あける 手前 減速 し 通行 し なけれ なら ない,0
40,車掌 乗務 し ない 路線 バス 運転 者 停留 所 発進 する とき 安全 確認 でき た 場合 除い 警音 器 鳴らさ なけれ なら ない,1
41,狭い 坂道 行き違う とき 下り 車 加速 つく で 上り 車 ゆずる よい,0
42,普通 自動 二 輪 車 積載 装置 積める 積載 物 重量 80 キログラム で ある,0
43,旅客 自動 車 運転 者 山間 部 危険 な 場所 通過 する とき 乗客 降ろさ なけれ なら ない,1
44,故障 車 やむ 得 ず 一般 車両 けん引 する とき 丈夫 な ロープ 確実 に つなぎ ロープ 30 センチメートル 平方 以下 赤い 布 つけ なけれ なら ない,0
45,普通 自動 二 輪 免許 小型 特殊 自動 車 運転 でき ない 原動 機 付 自転 車 運転 できる,0
46,ガソリン スタンド 出る とき 誘導 員 合図 あっ た で 徐行 し 歩道 横切っ た,0
47,普通 自動 車 高速 自動 車 国道 本線 車 道 中央 分離 帯 ある ところ 通行 する とき 法定 最高 速度 80 キロメートル毎時 で ある,0
48,タクシー ハイヤー 一 日 一 回 日常 点検 他 3 ヶ月 ごと 定期 点検 行わ な なけれ なら ない,1
49,トンネル 内 通行 する とき 方向 指示 器 つける 非常 点滅 表示 灯 つける よう に する,0
50,路面 ぬれ タイヤ すり減っ いる 時 停止 距離 乾燥 し た 路面 タイヤ 状態 よい 時 約 2 倍 程度 伸びる こと ある,1
51,道路 平行 し 駐車 し いる 車 右側 停車 できる 駐車 でき ない,0
52,横断 歩道 自転 車 横断 帯 その 前後 10 メートル 以内 場所 駐車 停車 し なら ない,0
53,道路 工事 区域 端 5 メートル 以内 場所 停車 できる 駐車 でき ない,1
54,タクシー 乗客 降ろす ため 安全 地帯 左側 停車 し た,0
55,高速 自動 車 国道 通行 中 故障 し た 昼間 で あっ た で 路側 帯 入れ 止め 非常 点滅 表示 灯 つけ た,0
56,信号 機 設置 さ れ いる 踏切 信号 機 表示 従い 通過 する とき 安全 確認 すれ 一時 停止 必要 ない,1
57,対向 車 正面 衝突 恐れ 生じ た 時 警音 器 ブレーキ 同時 使い できる 限り 左側 よけ 衝突 する 直前 あきらめ ない 道路 外 危険 な 場所 で ない とき 道路 外 出る こと ためらっ なら ない,1
58,右折 する 時 転回 する 時 合図 行う 場所 方法 同じ で ある,1
59,タクシー 運転 中 乗客 停車 求め られ た 踏切 で あっ た で 踏切 5 メートル 先 停車 し た,0
60,徐行 する 時 合図 時期 徐行 する とき で ある,1
61,最高 速度 指定 さ れ い ない 一般 道路 大型 貨物 自動 車 最高 速度 60 キロメートル毎時 で ある,1
62,やむ 得 ず バック 発進 する 場合 後方 見通し よく ない とき 同乗 者 後方 確認 手伝っ もらう こと 必要 で ある,1
63,旅客 自動 車 運転 者 道路 損害 し い 路面 いちじるしく 凍っ いる 場合 重大 な 事故 発生 する 恐れ ある とき ただちに 運転 中止 し なけれ なら ない,1
64,自動 車 通行 中 この 信号 機 信号 対する 黄色 矢印 方向 進む こと できる,0
65,踏切 警手 いる 踏切 通過 しよう する とき 安全 確認 し 一時 停止 し する 必要 ない,0
66,バス 路面 電車 運行 時間 中 停留 所 表示 板 10 メートル 以内 場所 停車 し よい,0
67,車線 減少 ため 進路 変更 する 場合 後続 車 なけれ 合図 出さ なく よい,0
68,駐車 停車 禁止 さ れ い ない 道路 特定 地域 除く 上 駐車 する 場合 道路 上 引き続き 12 時間 夜 8 時間 以上 駐車 し なら ない,1
69,総 排気 量 660 cc 以下 普通 自動 車 高速 自動 車 国道 法定 最高 速度 100 キロメートル毎時 で ある,1
70,クリープ 現象 オートマチック 車 停止 し いる とき ブレーキ ペダル しっかり 踏ん おか ない アクセル ペダル 踏ま なく 自動 車 走り 出す こと いう,1
71,故障 車 ロープ クレーン けん引 する とき けん引 免許 必要 で ある,0
72,高速 道路 緊急 自動 車 本線 入ろう し いる とき その 通行 妨げ なら ない,1
73,片側 転落 恐れ ある 崖 なっ いる 道路 安全 な 行き違い でき ない とき 山側 車 一時 停止 し 道 ゆずる よい,0
74,高速 自動 車 国道 本線 車 道 中央 分離 帯 ある ところ 大型 貨物 自動 車 法定 最高 速度 90 キロメートル毎時 で ある,1
75,普通 免許 小型 特殊 自動 車 運転 でき ない 原動 機 付 自転 車 運転 できる,0
76,自動 車 走行 中 前車 追い越す 場合 前車 右折 ため 道路 中央 寄っ 通行 し いる 時 除い その 右側 通行 し なけれ なら ない,1
77,故障 車 けん引 する とき けん引 免許 必要 ない,1
78,下り坂 ブレーキ 効か なく なっ た 時 ブレーキ 数 回 踏み すばやく 減速 チェンジ し ハンド ブレーキ 引き それ 停止 し ない よう な とき 山側 溝 車輪 落とし ガードレール 車体 すり寄せ し 止める よい,1
79,ぬかるみ 車輪 空回り する とき 一番 強い ロー ギア 入れ アクセル 強く 踏み込み 一気 出る よい,0
80,やむ 得 ず 急 ブレーキ かける とき クラッチ ブレーキ 同時 踏みこむ,0
81,交通 事故 車 破損 し た 相手 外傷 なく 医師 診断 結果 異常 ない で 警察 官 届け なかっ た,0
82,この 路側 帯 入っ 駐停車 する とき 車 左側 0 75 メートル 余地 とら な けら なら ない,1
83,自賠責 証明 書 また 責任 共済 有効 期限 過ぎ いる バス タクシー 運転 し た 場合 その 所有 者 で ある 会社 運転 者 責任 負わ なけれ なら ない,1
84,軌道 敷 内 通行 し いる 車 後方 路面 電車 近づい 来 た とき 路面 電車 通行 妨げ ない よう に すみやか に 軌道 敷 内 出る 十分 な 距離 保た なけれ なら ない,1
85,優先 道路 以外 道路 交差 点 30 メートル 手前 場所 自動 車 原動 機 付 自転 車 追い越す ため 進路 変え その 横 通り過ぎ し なら ない,1
86,車 運転 中 大 規模 な 地震 発生 する 恐れ ある し 警戒 宣言 発せ られ た で 地震 発生 する 前 速度 十分 落とす 共 ラジオ 情報 聞く よう に し た,1
87,観光 バス 運転 中 崖崩れ ため 狭く なっ いる 山道 さしかかっ た で 乗客 降り もらい 車掌 誘導 通り抜け た,1
88,自動 車 速度 燃料 消費 量 密接 な 関係 あり 速度 低 すぎ 高 すぎ 燃料 消費 量 多く なる,1
89,車両 通行 帯 ない トンネル 中央 線 右側 部分 はみ出さ なけれ 追い越す こと できる,0
90,タクシー 運転 中 携帯 電話 使っ 営業 所 配車 担当 者 通話 し 運転 し た,0
91,後輪 横滑り 始め た とき まず アクセル ゆるめ 同時 ハンドル 車 向き 立て直す よい,1
92,昼間 前方 50 メートル 高速 道路 200 メートル 先 見え ない よう な トンネル 道路 照明 あっ 前 照灯 つけ なけれ なら ない,1
93,車両 通行 帯 ない トンネル 通行 し いる 普通 自動 二 輪 車 進路 変える こと なく 前方 通行 し いる 車 側方 通っ 前方 出 た,1
94,道路 曲がり角 付近 見通し 効く 場合 除い 徐行 し なけれ なら ない,0
95,観光 バス 運転 し 踏切 通過 する とき 車掌 誘導 従え 一時 停止 する 必要 なく 安全 確認 よい,0
96,タクシー 運転 者 深夜 眠気 感じ で 安全 な 場所 車 止め 回送 板 掲示 し 仮眠 とっ た,1
97,初心 者 マーク 免許 受け 一 年 経験 し い ない 者 で なく 運転 自信 ない 者 つけ な けら なら ない,0
98,幼児 運転 者 目 届き やすい 前部 座席 乗せる 方 よい,0
99,信号 機 青 灯火 進め だ 前方 交通 関係 なく すぐ 発進 し なけれ なら ない,0
100,カーブ 回る とき その 半径 小さい 遠心 力 大き さ 小さく なる,0
101,路面 電車 追い越す 時 軌道 道路 左側 寄っ 設け られ いる とき 除き その 左側 通行 する こと できる,1
102,ブレーキ ペダル 踏み ご たえ 柔らかく なっ いる とき ブレーキ オイル 液 もれ 恐れ ある,1
103,普通 乗用 車 車両 総 重量 同じ で ある 普通 乗用 車 ロープ けん引 する とき 最高 速度 30 キロメートル毎時 で ある,1
104,交通 整理 行わ れ い ない 横断 歩道 その 手前 30 メートル 以内 場所 他 車 軽 車両 除く 追い越し 追い抜い し なら ない,1
105,乗車 定員 6 人 タクシー 客 し 大人 3 人 11 才 子供 3 人 乗車 さ せる こと でき ない,0
106,タクシー 運転 手 坂道 車 離れる とき 輪 止め 安全 措置 とっ た し 乗客 降ろさ なけれ なら ない,1
107,進路 前方 障害 物 ある 場所 対向 車 行き違う とき 障害 物 ある 側 通行 する 車 ほう 危険 度 高い で 反対 車線 車 道 ゆずる 必要 ない,0
108,この 信号 機 信号 対面 する 車 交差 点 徐行 し 通行 する こと できる,0
109,旅客 自動 車 運転 者 病気 疲労 より 安全 な 運転 でき ない とき 事業 所 申し出 なけれ なら ない,1
110,車 運転 し いる 時 高速 に なる 視力 低下 し 特に 遠く 物 見え にくく なる で 注意 し なけれ なら ない,0
111,一般 道路 普通 自動 二 輪 車 法定 最高 速度 50 キロメートル毎時 で ある,0
112,交通 事故 起き た とき 過失 大きい 方 警察 届け なけれ なら ない,0
113,自家 用 大型 バス 運転 する とき 大型 二 種 免許 必要 で ある,0
114,横断 歩道 その 手前 30 メートル 以内 場所 自動 車 原動 機 付 自転 車 追い越す ため 進路 変え その 横 通り すぎ なら ない,1
115,旅客 自動 車 運転 し 工事 中 悪路 通過 する とき 乗客 声 かけ 注意 促す よい,1
116,高速 道路 本線 車線 入ろう する とき 加速 車線 通行 し 十分 加速 し なけれ なら ない,1
117,高速 道路 追い越し する 場合 早め に 合図 し 追い越し 車線 車 動き 注意 し 行い 特に 進路 戻す 時 車 全体 ルーム ミラー 写っ た こと 確認 し 行なう よう に し な けら なら ない,1
118,こう配 急 な 下り坂 上り坂 共 停車 駐車 し なら ない,1
119,歩道 路側 帯 横切る 時 徐行 し なけれ なら ない,0
120,警察 官 よる 手 信号 灯火 よる 信号 信号 機 信号 違う 場合 警察 官 信号 優先 する,1
121,図 本線 車 道 合流 し いる ところ B 車 A 車 進行 妨げ ない よう に 速度 落とし 通行 し た,1
122,大型 第 二 種 免許 大型 特殊 自動 車 運転 する こと でき ない,1
123,AT 車 エンジン 始動 直後 エアコン 作動 時 エンジン 回転 数 低く なる で アクセル ふん かける,0
124,狭い 坂道 行き違う 時 近く 待避 所 ある 場合 上り 車 待避 所 入っ 下り 車 通過 待っ 通行 する,1
125,路面 電車 乗客 乗り降り ため 停車 し 止まっ いる 場合 乗客 乗り降り 終わる その 後方 停止 し なけれ なら ない 安全 地帯 ある とき 乗り降り する 人 い 一時 停止 徐行 する 必要 ない,0
126,この 図 よう に 矢印 交通 対する 警察 官 灯火 よる 手 信号 意味 信号 機 青 信号 同じ で ある,0
127,荷物 見張り ため 必要 最小 限度 人 トラック 荷台 乗せる 時 警察 署 長 許可 受け なく よい,1
128,他 車 追い越さ れる 時 相手 追い越し ため 十分 な 余地 ない とき 進路 ゆずる 必要 ない,0
129,走行 中 タイヤ パンク し た とき 車 思わ ぬ 方向 進み 危険 な で ハンドル しっかり 握り 急 ブレーキ 掛け 早く 停止 し た 方 よい,0
130,他 車 けん引 し いる ため 50 キロメートル毎時 以上 速度 走る こと でき ない 自動 車 高速 自動 車 国道 通行 でき ない,1
131,霧 日 早め に 前 照灯 つける 下向き する 路面 反射 する で 上向き よい,0
132,踏切 車 動か なく なっ た 時 発炎 筒 ない 場合 煙 出 やすい 物 燃やす し 合図 する こと 必要 で ある,1
133,通行 中 エンジン 回転 数 上がっ た 後 故障 より 下がら なく なっ た 時 四 輪 車 場合 ギア ニュートラル に し 車輪 エンジン 力 かけ ない よう に する よい,1
134,転回 する とき 合図 時期 転回 しよう し いる 地点 30 メートル 手前 地点 達し た とき で ある,1
135,踏切 通過 する 時 脱輪 し ない よう に やや 中央 寄り 走行 し 発進 し た 時 低速 ギア まま 変速 し ない 一気 通過 する よい,1
136,歩道 路側 帯 ない 道路 駐車 停車 する とき 道路 左側 端 0 75 メートル 以上 余地 とら なけれ なら ない,0
137,大型 第 二 種 免許 受け いる 者 タクシー 運転 する こと できる,1
138,交通 事故 発生 し た とき 負傷 者 救護 し 警察 官 必要 な 報告 する 義務 過失 大きい 運転 者 で ある,0
139,横断 歩道 自転 車 横断 帯 手前 止まっ いる 車 ある 時 その 側方 通っ 前方 出る 前 徐行 し 安全 確かめ なけれ なら ない,0
140,交通 整理 行なわ れ い ない 交差 点 入ろう する 場合 交差 する 道路 優先 道路 で ある 時 幅 明らか に 広い 時 徐行 し なけれ なら ない,1
141,車 他人 貸し 事故 起き た とき 貸し た 方 責任 ない 借り た 方 責任 ある,0
142,道路 左側 部分 幅 6 メートル 満た ない 道路 右側 部分 見通し きか なかっ た 反対 方向 車 来る 様子 なかっ た で 右側 部分 はみ出し 追い越し た,0
143,総 排気 量 660 cc 以下 普通 貨物 自動 車 積み荷 大き さ 長 さ 自動 車 長 さ 1 1 倍 幅 自動 車 幅 積ん だ 時 高 さ 地上 3 8 メートル 超え なら ない,0
144,幅 広く 交通 妨げ なら ない 道路 駐車 停車 禁止 さ れ い ない 道路 指定 地域 除く 12 時間 以上 駐車 する こと できる,0
145,通行 中 タイヤ パンク し た とき 車 思わ ぬ 方向 進み 危険 な で ハンドル しっかり 握り 急 ブレーキ かけ 早く 停止 し た ほう よい,0
146,高速 道路 通行 する とき 高速 道路 停止 する こと ない よう 走行 前 燃料 冷却 水 エンジン オイル 量 点検 し なけれ なら ない,1
147,人 乗り降り ため 停止 し いる 通学 通園 バス 側方 通行 する とき 減速 し 安全 確かめ なけれ なら ない,0
148,停留 所 止まっ いる 路面 電車 近づい た とき 乗り降り する 人 い ない とき 路面 電車 間 1 5 メートル 以上 間隔 ある とき 安全 地帯 ある とき 徐行 し 通行 する こと できる,1
149,一方 通行 道路 緊急 自動 車 進路 ゆずる 場合 左側 寄る かえって 進路 妨げ なる よう な とき 右側 寄ら なけれ なら ない,1
150,この 信号 機 青 矢印 信号 赤色 で あっ 矢印 方向 進行 し よい こと 表し いる 軽 車両 二 段階 右折 方法 よる 右折 する 原動 機 付 自転 車 進行 する こと でき ない,1
151,普通 乗用 自動 車 追いつか れ た 普通 貨物 自動 車 道路 中央 寄り 寄っ 後車 進路 ゆずっ た,0
152,運転 者 疲れ いる とき 危険 感じ 判断 する 時間 かかる で 空走 距離 長く なる,1
153,二 輪 車 運転 中 徐行 する ため 図 よう な 手 よる 合図 し た,1
154,停留 所 止まっ いる 路線 バス 方向 指示 器 発進 合図 し た とき 後方 車 その 発進 妨げ なら ない,1
155,車 運転 中 大 規模 な 地震 発生 する 恐れ ある し 警戒 宣言 発せ られ 車 置い 避難 する とき できる 道路 外 駐車 さ せ なけれ なら ない,1
156,高速 道路 加速 車線 入ろう し いる とき 本線 車 道 通行 し いる 車 進行 妨げる 恐れ ある とき 路側 帯 通行 し 合流 し よい,0
157,車 車庫 入れる ため 歩道 横切る 場合 その 直前 一時 停止 する とも 歩行 者 通行 妨げ ない よう に し なけれ なら ない,1
158,高速 自動 車 国道 どんな 場合 最低 速度 達し ない 速度 運転 し なら ない,0
159,高速 道路 本線 車 道 危険 防止 ため で あっ 一時 停止 する こと でき ない,0
160,道路 駐車 する 場合 車 左側 必ず 0 5 メートル 以上 余地 とら なけれ なら ない,0
161,転回 する 時 合図 時期 転回 しよう する 時 約 3 秒 前 で ある,0
162,踏切 通過 する とき 歩行 者 対向 車 注意 し 脱輪 し ない よう に やや 中央 より 通る よい,1
163,夜間 一般 道路 駐停車 する とき 道路 照明 より 50 メートル 後方 明りょう に 見える 場所 停止 表示 器材 置い 駐停車 する 場合 除い 非常 点滅 灯 又 尾灯 つけ なけれ なら ない,1
164,片側 転落 恐れ ある 道路 安全 な 行き違い でき ない とき 山側 車 道 ゆずる よい,0
165,高速 道路 本線 車 道 車両 通行 帯 左側 白い 線 目安 し やや 左 より 通行 する よい,1
166,乾燥 し た 路面 タイヤ 新しい とき 時速 40 キロメートル で 約 20 メートル 時速 80 キロメートル で 約 80 メートル 車間 距離 必要 で ある,1
167,道路 外 出る ため 左折 しよう する とき その 直前 道路 左側 寄る よう に し なけれ なら ない,0
168,夜間 横断 歩道 近づい た とき 前 照灯 光 で 横断 する 歩行 者 見え ない とき 横断 する 人 い ない こと 明らか で ある その まま 速度 進行 し よい,0
169,横断 歩道 自転 車 横断 帯 近づい た 時 横断 しよう する 歩行 者 自転 車 い ない こと 明らか な 場合 他 その 停止 線 直前 停止 できる 速度 進行 し なけれ なら ない,1
170,夜間 視界 悪く なる で 視線 できる 車 直前 向け 少し 早く 障害 物 発見 できる よう に する よい,0
171,上り坂 頂上 付近 見通し 悪い で 徐行 し なけれ なら ない,1
172,自動 車 乗車 定員 検査 証 記載 さ れ いる 乗車 定員 運転 者 加え た もの いう,0
173,高速 道路 路面 ぬれ タイヤ 減っ いる 車 時速 80 キロメートル 走行 し た 場合 約 80 メートル 車間 距離 必要 で ある,0
174,歩道 路側 帯 ない 道路 駐車 する とき 車 左側 余地 あけ なく よい,1
175,道幅 同じ よう な 道路 交差 点 路面 電車 左方 来る 車 ある とき その 路面 電車 車 進行 妨げ なら ない,1
176,停止 する 時 合図 時期 停止 しよう する 時 で ある,1
177,路線 バス 路線 バス 専用 通行 帯 ある 道路 他 車両 通行 帯 通行 する こと できる,0
178,原動 機 付 自転 車 自動 二 輪 車 ブレーキ 前後 輪 同時 かける 危険 で ある,0
179,乾い た 道路 60 キロメートル毎時 通行 する とき 約 20 メートル 車間 距離 とる 必要 ある,0
180,踏切 警手 いる 踏切 通過 しよう する とき 安全 確認 し 一時 停止 必要 ない,0
181,一方 通行 道路 道路 中央 右 はみ出し 通行 する こと できる,1
182,運転 者 危険 感じ ブレーキ 踏み ブレーキ 実際 効き 始める 車 走る 距離 制動 距離 いう,0
183,自動 車 運転 者 シート ベルト 着用 し ない 者 運転 席 横 座席 乗車 さ せ 運転 し なら ない タクシー ハイヤー つい 免除 さ れる,0
184,霧 とき 霧灯 前 照灯 早め に つけ 危険 防止 する ため 必要 応じ 警音 器 使う よい,1
185,狭い 道 行き違い でき ない とき 上り坂 発進 むずかしい で 下り 車 上り 車 道 ゆずる ほう よい,1
186,人 乗り降り 5 分 以内 荷物 積み下ろし ため 停止 駐車 なら ない,1
187,荷物 積みおろし 運転 者 すぐ 運転 できる とき 車 右側 道路 上 3 5 メートル 以上 余地 なく 駐車 できる,1
188,交通 事故 等 おき た とき 発煙 筒 高速 道路 使用 し よい 一般 道路 禁止 し いる,0
189,停車 し いる 通学 通園 バス 追いつい た 安全 だっ た で 30 キロメートル毎時 速度 落とし 通行 し た,0
190,二 輪 車 運転 し ブレーキ かける とき 前輪 ロック し た とき 後輪 ロック し た とき 方 危険 で ある,0
191,高速 道路 オートマチック 車 走行 する とき 加速 車線 本線 車線 入る 場合 チェンジ レバー L し 加速 し 合流 する,0
192,タクシー 消火 栓 5 メートル 以内 場所 おい 客 乗り降り ため 停車 する こと できる,1
193,長 時間 運転 する とき 4 時間 1 回 休息 とる よい,0
194,路面 電車 追い越す とき 軌道 道路 左側 寄っ 設け られ いる とき 除き その 左側 通行 し なけれ なら ない,1
195,大型 特殊 免許 受け いる もの 車 総 重量 750 キログラム 越える 車 けん引 する こと できる,0
196,安全 地帯 側方 車 通行 する とき 安全 地帯 歩行 者 いる い ない かかわら ず 徐行 し なけれ なら ない,0
197,バス 発炎 筒 赤 ランプ 非常 信号 用 具 備えつけ 義務 ある 自家 用 普通 自動 車 備える 義務 ない,0
198,駐車 禁止 場所 で 運転 者 車 離れ 5 分 以内 戻れ 駐車 違反 なら ない,0
199,白 黄色 杖 持っ 歩い いる 人 歩行 補助 車 使っ い その 通行 支障 ある 高齢 者 通行 し いる 場合 一時 停止 徐行 し これ ら 人 安全 に 通れる よう に し なけれ なら ない,1
200,車線 数 減少 ため 進路 変更 する 場合 後続 車 なけれ 合図 出さ なく よい,0
201,普通 二 輪 免許 小型 特殊 自動 車 運転 でき ない 原動 機 付 自転 車 運転 する こと できる,0
202,普通 免許 持っ いる 者 普通 自動 車 けん引 装置 付け 車 総 重量 750 キログラム 以下 けん引 車 けん引 する こと できる,1
203,タクシー 火災 報知 器 1 メートル 以内 場所 客待ち ため 駐車 でき ない 客 乗り降り ため 停車 できる,1
204,ゆとり ある 正しい 乗車 姿勢 とる ため ハンドル 両手 かけ た とき ひじ わずか に 曲がる 状態 シート 背 合わせる よい,1
205,この 図 おい 矢印 方向 自動 車 右折 する 場合 A 信号 青色 とき 交差 点 進入 し B 信号 赤色 とき 交差 点 内 B 信号 手前 停止 し なけれ なら ない,0
206,トンネル 車両 通行 帯 あっ 追い越し 禁止 さ れ いる,0
207,近く 交差 点 ない 道路 緊急 自動 車 近づい き た とき 道路 左側 よっ 進路 ゆずる,1
208,前方 自転 車 追い抜こう し た 左右 ふらつい おり その まま 追い抜く 衝突 する 危険 予測 さ れ た で 危険 避ける ため やむ 得 ず 警音 器 鳴らし た,1
209,初心 者 マーク 免許 受け 一 年 経過 し い ない 者 で なく 運転 自信 ない 者 つけ なけれ なら ない,0
210,交通 量 多い 市街 地 道路 夜間 前 照灯 下向き 切り替え する 必要 ない,0
211,速度 2 倍 なれ 制動 距離 カーブ 横滑り 転倒 する 力 2 倍 なく 4 倍 なる,1
212,原動 機 付 自転 車 自動 車 損害 賠償 責任 保険 加入 し なく よい,0
213,歩行 者 用 道路 自動 車 通行 でき ない 軽 車両 原動 機 付 自転 車 通行 できる,0
214,横断 歩道 自転 車 横断 帯 その 手前 5 メートル 以内 場所 駐車 停車 でき ない その 先 5 メートル 以内 場所 駐車 停車 できる,0
215,進路 変更 する 後車 急 ブレーキ 急 ハンドル 避け なけれ なら ない よう な 状況 進路 変更 し なら ない,1
216,バス 停留 所 10 メートル 以内 駐車 禁止 さ れ いる 停車 し よい,0
217,長 距離 運転 する とき 昼間 夜間 走行 する 方 交通 量 少なく つかれ 少ない,0
218,交通 事故 起こす 自動 車 損害 賠償 責任 保険 証書 必要 なる で 紛失 し ない よう に コピー し た もの 携行 する よい,0
219,オートマチック 車 運転 中 上り坂 停止 し た とき アクセル ペダル わずか に 踏ん 後ろ 下がら ない よう に する よい,0
220,マニュアル 車 高速 道路 走行 中 故障 等 ため 走行 する こと でき なく なっ た とき できれ セル モーター 使っ 路側 帯 路肩 移動 さ せる,1
221,6 歳 未満 幼児 乗せ 運転 する とき どんな とき チャイルド シート 使用 す べき で ある,0
222,運転 中 携帯 電話 通話 する こと 交通 量 多く 混ん いる 道路 禁止 さ れ いる 交通 量 少なく 運転 妨げ なら なけれ 禁止 し い ない,0
223,この 図 交通 整理 行なわ れ い ない 道幅 同じ 交差 点 入ろう し いる 二 輪 車 優先 し 通行 できる,1
224,自動 車 前面 ガラス 次 検査 時期 年 月 示す 検査 標章 はら なけれ なら ない,1
225,歩道 路側 帯 ない 道路 駐車 する とき 車 左側 0 75 メートル 余地 あける,0
226,普通 自動 二 輪 車 運転 中 カーブ さしかかっ た で カーブ 直前 減速 し た,0
227,自動 車 後退 さ せる とき シート ベルト つけ なく よい,1
228,走行 中 速度 速い 注視 点 遠く なり 近く 見え なく なる,1
229,トンネル 内 通行 する とき 方向 指示 器 つける 非常 点滅 表示 灯 つける よう に する,0
230,本線 車 道 入ろう する とき 前方 車 後方 くる 車 気 つけ なけれ なら ない,1
231,本線 車 道 出る とき 減速 車線 通り 感覚 たよら ず 速度 計 確かめ 速度 落とす,1
232,霧 日 早め に ライト つける 上向き し た 方 見とおし よく きく,0
233,信号 機 ない 踏切 その 手前 一時 停止 し 窓 あけ 目 耳 左右 安全 確かめる,1
234,走行 中 後車 追い越さ れる とき 速度 下げ なけれ なら ない,0
235,右 左折 する 場合 必ず 徐行 し なけれ なら ない,1
236,こう配 急 な 坂 車 輪 止め すれ 駐車 する こと できる,0
237,進路 前方 障害 物 ある とき あらかじめ 一時 停止 減速 し 対向 車 道 ゆずる,1
238,長 時間 運転 続ける とき 2 時間 1 回 運転 やめ 休息 とる よう に する,1
239,高速 自動 車 国道 通行 中 故障 し た 昼間 で あっ た で 路側 帯 入れ 止め 非常 点滅 表示 灯 つけ た,0
240,駐車 場 車庫 自動 車 専用 出入り 口 3 メートル 以内 場所 駐車 し なら ない,1
241,追い越し 中 追い越す 車 間 なるべく 接近 する よう に し 追い越す,0
242,高速 道路 走行 中 前方 交通 渋滞 し ノロノロ 運転 なっ しまっ た で やむ 得 ず 路側 帯 通行 し た,0
243,故障 車 ロープ 等 けん引 する とき けん引 する 車 故障 車 間 5 メートル 以内 する,1
244,坂道 狭い 道路 車 行き違う とき 待避 所 ある とき お 互い 車 優先 権 生じ ない で 状況 応じ どちら 先 待避 所 入り お 互い ゆずり合っ 通行 する 交通 マナー で ある,1
245,下り坂 走行 する とき エンジン ブレーキ かける エンジン スイッチ 切っ た 方 よい,0
246,住宅 街 見とおし きか ない 交差 点 近づい た いつ 子供 飛び出し くる 分から ない で あらかじめ 警音 器 鳴らし 速度 落とし 通行 し た,0
247,エンジン とめ 二 輪 車 押し 歩く とき 横断 歩道 歩道 通行 でき ない,0
248,止まっ いる 通学 通園 バス そば とおる とき 保育 士 児童 付き添っ い た で 徐行 し ない 側方 通っ た,0
249,自転 車 横断 帯 直前 停止 し いる 車 あっ 進路 前方 横断 し いる 自転 車 見え ない とき その まま 通行 し よい,0
250,追い越し しよう する とき 必ず 警音 器 鳴らさ なけれ なら ない,0
251,前方 混雑 ため 踏切 内 停止 する こと なる おそれ あっ た 警報 機 鳴っ い ない で その まま 進入 し た,0
252,狭い 道路 広い 道路 いる とき 徐行 し 広い 道路 通行 する 車 進行 妨げ ない よう に する,1
253,夜間 横断 歩道 近づい た 時 ライト 光 横断 歩道 横断 する 人 見え なかっ た 対向 車 ライト 歩行 者 見え なく なる こと ある で 横断 歩道 手前 停止 できる よう に 十分 速度 落とし 進行 し た,1
254,通行 し いる 道路 優先 道路 で あれ 横断 歩道 手前 30 メートル 以内 追い越し よい,0
255,マニュアル 車 運転 中 やむ 得 ず 急 ブレーキ かける とき クラッチ ブレーキ 同時 踏みこむ,0
256,自動 車 急 に 止まれ ない で 前車 距離 速度 考え 運転 し なけれ なら ない,1
257,車 働く 制動 距離 遠心 力 速度 2 倍 なれ ほぼ 4 倍 なる,1
258,ガソリン スタンド 出る とき 誘導 員 合図 あっ た で 徐行 し 歩道 横切っ た,0
259,路線 バス 等 優先 通行 帯 通行 中 後方 通園 バス 接近 し き た で 他 車線 進路 変え た,1
260,信号 機 青色 進め で ある 前方 交通 関係 なく 直ちに 発進 する,0
261,速度 一定 で あれ 路面 状態 関係 なく 停止 距離 常 同じ で ある,0
262,交通 混雑 し いる 交差 点 さしかかっ た とき 反対 方向 き た 車 右折 しよう し き た 直進 優先 だ その まま 進行 し 交差 点 内 停止 し た,0
263,自動 車 乗車 定員 検査 証 記載 さ れ いる 乗車 定員 運転 者 加え た もの いう,0
264,車 運転 する 場合 ハンドル 持っ た とき ひじ 少し まがっ い なら ない,0
265,日常 点検 とき 方向 指示 器 不良 で あっ 手 よる 合図 できる で その まま 運転 し よい,0
266,対面 する 信号 機 灯火 黄色 点滅 とき 他 交通 注意 し 進行 し よい,1
267,オートマチック 車 駐車 する とき 道路 状態 時間 関係 なく チェンジ レバー P 入れる,1
268,明る さ 急 に 変わる 視力 急激 に 低下 する で トンネル 入る 前 速度 落とし た,1
269,右折 しよう する とき 交差 点 直前 道路 中央 寄ら なけれ なら ない,0
270,非常 信号 用 具 赤色 灯 発炎 筒 普通 自動 車 備えれ よい,0
271,右 カーブ 走行 する とき 車 右側 飛び出そう する 力 働く,0
272,自動 二 輪 車 運転 し トンネル 出よう する とき 出口 付近 強い 横風 吹い いる 場合 ある で 前 もっ 前かがみ なっ 運転 する,0
273,車 内輪 差 自動 車 右左折 する とき 後輪 前輪 外側 通る こと いう,0
274,歩道 路側 帯 ない 道路 通行 する とき 路肩 路端 0 5 メートル 以内 はみ出し なら ない,1
275,走行 中 パンク し た とき 急 ブレーキ さけ ハンドル しっかり にぎり ブレーキ 断続 的 に 踏む,1
276,夜間 対向 車 行き違う とき 前 照灯 減光 する 下向き する,1
277,乾燥 し た 路面 タイヤ 新しい とき 時速 40 キロメートル で 約 20 メートル 時速 80 キロメートル で 約 80 メートル 車間 距離 必要 で ある,1
278,自転 車 横断 帯 手前 き た とき 進路 前方 自転 車 立ち止まり 自動 車 方 見 分かっ いる 状態 だっ た で 徐行 し 通過 し た,0
279,本線 車 道 入ろう する 緊急 自動 車 本線 車 道 通行 し いる 一般 自動 車 優先 する,0
280,走行 中 大 地震 発生 し た で 急 ハンドル 急 ブレーキ さけ 左側 停止 し すぐ 車 離れ た,0
281,運転 免許 第 一 種 運転 免許 第 ニ 種 運転 免許 仮 運転 免許 三 つ 区分 さ れ いる,1
282,車両 通行 帯 ない 道路 原則 し 普通 自動 車 中央 寄り 部分 通行 し なけれ なら ない,0
283,高速 自動 車 国道 おけ る 自動 車 最高 速度 車種 関係 なく 100 キロメートル毎時 で ある,0
284,初心 運転 者 夜間 走行 する とき 室内 灯 つけ た 方 よい,0
285,交差 点 右折 しよう し た とき 対向 車 右折 車 かげ 自動 二 輪 車 見え た 速度 おそく 遠く 見え た で その まま 通行 し た,0
286,走行 中 オーバーヒート し た とき 直ちに エンジン 止め 冷却 水 補充 する,0
287,左右 見通し きか ない 交差 点 信号 機 ある 場合 優先 道路 除く 通行 する 車 徐行 し なけれ なら ない 状況 応じ 一時 停止 し 通行 する,1
288,路線 バス 発進 合図 し 動き 出し た 警音 器 鳴らし 前者 続い これ 追い越し た,0
289,二 輪 車 ぬかるみ 等 通る とき 低速 ギア し スロットル 速度 一定 し ブレーキ かけ 急 加速 し し ない よう に する,1
290,高速 道路 通行 する とき タイヤ 空気 圧 一般 道路 場合 やや 高め に する,1
291,走行 中 車 左 前方 子供 い た 路側 帯 内 だっ た で その まま 速度 通行 し た,0
292,雨 路面 走る とき タイヤ すり減っ いる とき 路面 タイヤ 摩擦 大きく 停止 距離 短かく なる,0
293,夜間 横断 歩道 近づい た とき ライト 光 歩行 者 見え ない とき 横断 する 人 い ない こと 明らか で ある 車 その まま 進行 し よい,0
294,近く 交差 点 ない 道路 緊急 自動 車 近づい き 道 譲る 場合 道路 左側 寄れ 必ず 一時 停止 する 必要 ない,1
295,二 輪 車 カーブ 回る とき その 手前 直線 部分 あらかじめ 十分 速度 落とす,1
296,高速 道路 加速 車線 本線 車線 入ろう し た 本線 車 道 交通 量 混雑 し 入れ なかっ た で 路側 帯 入り ゆっくり 進行 し 本線 車 道 通行 し いる 車 すき間 確認 し 合流 し た,0
297,自動 車 荷物 積ん だ とき 方向 指示 器 見え なく 手 よる 合図 他 車 見 確認 できれ 運転 し よい,0
298,夜間 前車 後部 灯火 赤 ランプ 急 に 明るく なっ た とき 前車 ブレーキ かけ た 考え よい,1
299,後退 する とき 手 合図 腕 車 外 出し 斜め のばし 手のひら うしろ 向け その 腕 左右 動かす,0
300,スーパーマーケット 駐車 場 入る とき 誘導 員 合図 あっ た で 徐行 し 歩道 横切っ た,0
301,黄色 線 区画 さ れ た 車両 通行 帯 進路 変更 できる 場合 横断 する とき で ある,0
302,踏切 で 車 故障 し た とき 発煙 筒 すぐ 使用 する で なく 列車 見え 使用 する よい,0
303,交差 点 直進 しよう し 図 よう に 矢印 方向 進行 中 A 地点 前方 信号 青色 黄色 変わっ た とき 急 停止 し なけれ なら ない,0
304,道路 平行 し 駐車 し いる 車 右側 停車 できる 駐車 でき ない,0
305,エンジン かかっ いる い ない かかわら ず 原動 機 付 自転 車 自動 二 輪 車 側 車 付 除く 押し 歩く とき 歩行 者 し 扱わ れる,0
306,交差 点 右折 しよう する とき 交差 点 中心 すぐ 外側 徐行 し まわる,0
307,同一 方向 三 つ 車両 通行 帯 ある 道路 普通 乗用 車 最も 右寄り 通行 帯 通行 し なけれ なら ない,0
308,路線 バス 等 専用 通行 帯 ある 道路 車 小型 特殊 自動 車 原動 機 付 自転 車 軽 車両 除く 左折 する 場合 ほか その 車両 通行 帯 通行 し なら ない,1
309,進路 変更 する ため 加速 する 必要 ある とき 定め られ た 速度 こえ 運転 し 問題 ない,0
310,転回 する 場合 転回 しよう する 30 メートル 手前 地点 合図 し なけれ なら ない,1
311,軌道 敷 内 原則 し 通行 でき ない 右折 横断 等 とき 横切る こと し よい,1
312,オートマチック 車 エンジン 始動 直後 エアコン 作動 時 エンジン 回転 数 低く なる で アクセル ふん かける,0
313,雨降り とき 夜間 視界 悪い で 前車 見える よう に できる 接近 し 運転 する,0
314,バス 路面 電車 停留 所 10 メートル 以内 いつ 駐 停車 禁止 さ れ いる,0
315,原動 機 付 自転 車 自動 二 輪 車 ブレーキ 前後 輪 同時 かける 危険 で ある,0
316,ブレーキ 液 中 空気 はいる ペダル 踏ん だ とき スポンジ 踏ん だ よう な 感じ し ブレーキ 効き 悪い,1
317,道路 片側 障害 物 ある ところ 対向 車 行きちがう とき 障害 物 ある 側 車 常 優先 する,0
318,夜間 昼間 交通 量 少ない で 速度 出し 走行 し た 方 よい,0
319,横断 歩道 自転 車 横断 帯 その 手前 20 メートル 以上 離れ た 場所 追い越し 追い抜き し よい,0
320,盲導 犬 連れ 歩い いる 人 い た で 注意 うながす ため 警音 器 鳴らし 徐行 し 通行 し た,0
321,発進 する とき 合図 あれ たとえ すぐ 後方 車 近づい き 進路 ゆずっ くれる で 発進 し よい,0
322,車両 通行 帯 ある 道路 指定 さ れ た 区分 従っ 通行 し いる とき 緊急 自動 車 近づい その まま 進行 し よい,0
323,正面 信号 黄色 点滅 し いる とき 停止 位置 一時 停止 し た うえ 他 交通 注意 し 進行 し なけれ なら ない,0
324,上り坂 頂上 付近 前 自動 車 速度 遅い とき 追い越し よい,0
325,踏切 内 通行 する とき 歩行 者 対向 車 注意 し できる 左側 寄っ 通行 する,0
326,後車 追い越さ れる とき 追い越し 終わる 速度 あげ なら ない,1
327,停車 し いる 通学 通園 バス 追いつい た 安全 だっ た で 30 キロメートル毎時 速度 落とし 通行 し た,0
328,かぜ薬 頭痛 薬 服用 し た とき 集中 力 なくなり ねむく なっ する で 運転 し ない よう に する,1
329,エンジン 過熱 し た とき すぐ エンジン スイッチ 切り ラジエータ キャップ 外す よい,0
330,原動 機 付 自転 車 積み荷 荷台 幅 長 さ こえ 積ん なら ない,0
331,霧 日 早め に 前 照灯 つける 下向き する 路面 反射 する で 上向き よい,0
332,高速 道路 通行 する とき ファン ベルト 張り 一般 道路 走行 する とき 強め に 張る,0
333,他 車 追い越す とき 交通 量 少ない とき 前車 左側 追い越し よい,0
334,二 輪 車 運転 する とき 体 露出 多く し なるべく 目立ち やすい 服装 する,0
335,内輪 差 ハンドル あそび いう,0
336,交通 整理 行なわ れ い ない 交差 点 交差 する 道路 幅 同じ とき 右方 交差 点 はいる 車 優先 する,0
337,一方 通行 道路 道路 中央 右 部分 はいっ 通行 する こと できる,1
338,高速 道路 加速 車線 本線 車線 入ろう する 場合 本線 車線 走行 し いる 前方 車 後方 車 注意 し なけれ なら ない,1
339,本線 車 道 走行 中 右側 白線 踏む よう に 通行 帯 右寄り 通行 する,0
340,本線 車 道 故障 し た とき 車 路側 帯 左側 沿う よう に 止め 非常 点滅 表示 灯 つけ トランク ボンネット あげ 駐車 位置 はっきり 示せ よい,0
341,仮 免許 講習 する とき 同乗 する 指導 者 その 自動 車 運転 できる 免許 うけ い た 期間 3 年 以上 また 二 種 免許 受け いる 者 で あれ よい,1
342,初心 者 マーク つけ た 車 追い越そう し た とき 対向 車 はみ出し き た で 衝突 さける ため やむ 得 ず 割り込ん だ,1
343,速度 2 倍 なれ 制動 距離 遠心 力 4 倍 速度 3 倍 なれ 制動 距離 遠心 力 9 倍 なる,1
344,他 車 直後 進行 する とき その 車 動き よく 見える よう に 前 照灯 上向き し た 方 よい,0
345,前車 右左折 しよう し 合図 し た とき 急 ブレーキ 急 ハンドル 避け なけれ なら ない 場合 ほか その 車 進路 妨げ なら ない,1
346,走行 中 車間 距離 その 時 道路 速度 応じ た 停止 距離 同じ で ある,1
347,左折 する とき 内輪 差 生じる 右折 とき 生じ ない,0
348,交通 事故 等 おき た とき 発煙 筒 高速 道路 使用 し よい 一般 道路 禁止 し いる,0
349,舗装 道路 雨 降り はじめ 最も すべり やすい,1
350,大 地震 発生 し た とき 車 置い 避難 する とき できる 道路 外 停止 さ せる,1
351,交通 事故 起き た とき 過失 大きい 方 警察 届け なけれ なら ない,0
352,車 乗車 する 前 運転 者 車 前後 車 下 人 い ない 確かめる よう に する,1
353,初心 運転 者 普通 貨物 自動 車 運転 する とき 初心 者 マーク つけ なく よい,0
354,交通 量 少ない とき 他 道路 利用 者 迷惑 かける こと ない で 自分 通行 利便 考え 運転 し よい,0
355,横断 歩道 近づい た とき 横断 歩道 端 い た 歩行 者 渡り そう ない 感じ た で その まま 通行 し た,0
356,山道 まがりくねっ いる ところ 通行 する とき 見とおし きく ところ で あれ 右側 はみ出し よい,0
357,タイヤ チェーン 前後 駆動 輪 関係 なく 後輪 つける もの で ある,0
358,ラジエータ ファン ベルト いずれ エンジン 過熱 防ぐ 役目 し いる,1
359,横断 歩道 横断 する 人 い ない とき 追い越し 追い抜き し よい,0
360,歩行 者 又 自転 車 そば 通行 する とき その 間 1 メートル 以上 間 あける また 徐行 し なけれ なら ない,1
361,総 排気 量 660 cc 以下 普通 貨物 自動 車 積荷 地上 3 8 メートル 高 さ 積ん よい,0
362,歩道 路側 帯 ない 道路 駐停車 する 場合 左端 0 75 メートル あけ おか なけれ なら ない,0
363,信号 機 ない 踏切 遮断 機 あがっ い 車 その 直前 一時 停止 し 安全 確認 し 通る,1
364,車両 通行 帯 ない トンネル 通行 し いる 普通 自動 二 輪 車 進路 変える こと なく 前方 通行 し いる 車 側方 通っ 前方 出 た,1
365,車両 通行 帯 黄色 線 区画 さ れ いる ところ 進路 変更 禁止 さ れ いる タクシー 客 乗せる ため で あれ 黄色 線 関係 なく 進路 変更 できる,0
366,一方 通行 道路 右折 する とき できる 限り 道路 右側 端 寄り 交差 点 中心 内側 徐行 する,1
367,道路 通行 する とき 相手 立場 たち 思いやり 気持ち 持っ 運転 する こと 大切 で ある,1
368,夜間 横断 歩道 近づい た とき 前 照灯 光 で 横断 する 歩行 者 見え ない とき 横断 する 人 い ない こと 明らか で ある その まま 速度 進行 し よい,0
369,一方 通行 車 中央 右 部分 はいっ 通行 する こと できる,1
370,日常 点検 ブレーキ オイル 冷却 水 リザーバ タンク 内 量 規定 範囲 内 ある 点検 し なけれ なら ない,1
371,歩行 者 用 道路 とくに 許可 受け た 車 通行 できる 許可 なく 徐行 すれ 通行 する こと できる,0
372,追い越し 禁止 場所 自動 車 軽 車両 以外 車両 追い越し なら ない,1
373,踏切 近づい た とき 表示 する 信号 青色 で あっ た で 停止 する こと なく 通過 し た,1
374,遠心 力 大き さ 車 積み荷 重い 小さく 作用 する,0
375,こう配 急 な 坂 上り下り 共 停車 駐車 し なら ない,1
376,駐車 禁止 場所 車 右側 3 5 メートル 以上 余地 あれ 左側 端 寄せ 駐車 し よい,0
377,この 路側 帯 車 駐停車 禁止 さ れ いる 軽 車両 通行 する こと できる,0
378,駐車 禁止 場所 で 運転 者 車 離れ 5 分 以内 戻れ 駐車 違反 なら ない,0
379,この 図 交通 整理 行なわ れ い ない 道幅 同じ 交差 点 入ろう し いる 二 輪 車 優先 し 通行 できる,1
380,路線 バス 専用 通行 帯 道路 左端 指定 さ れ い た 左折 する ため その 通行 帯 入っ た,1
381,車 他人 貸し 事故 起き た とき 貸し た 方 責任 ない 借り た 方 責任 ある,0
382,横断 歩道 ない 交差 点 付近 近づい た とき 進路 前方 歩行 者 横断 し い た 横断 歩道 ない ところ 車 方 優先 する 一時 停止 徐行 し なく よい,0
383,昼間 濃い 霧 中 50 メートル 後方 見え ない 場所 駐停車 する とき 駐車 灯 尾灯 等 つける,1
384,白い つえ 持っ た 人 子供 そば 通る とき 警音 器 注意 うながし 通行 する,0
385,横断 歩道 手前 30 メートル 以内 追い越す とき 限り 前者 側方 通過 する こと できる,0
386,積載 物 重量 原動 機 付 自転 車 30 kg 普通 自 二 輪 大型 自 二 輪 60 kg 積ん よい,1
387,前方 交差 点 交通 混雑 ため 警察 官 信号 機 異なる 手 信号 し い た 前方 信号 青 で あれ 他 交通 注意 し 進行 する こと できる,0
388,普通 乗用 自動 車 追いつか れ た 普通 貨物 自動 車 道路 中央 寄り 寄っ 後車 進路 ゆずっ た,0
389,追い越し する とき 後車 追い越し 始め いる よう な とき 追い越さ ない よう に する,1
390,大型 免許 普通 自動 二 輪 車 運転 する こと できる,0
391,交差 点 左折 する とき 横断 歩道 通行 し いる 歩行 者 車 方 見 立ち止まっ た で 徐行 し 通行 し た,0
392,自動 二 輪 車 追い越そう し いる 普通 貨物 自動 車 普通 乗用 車 追い越し 始め た,0
393,交差 点 手前 対面 する 信号 黄色 灯火 とき 車 原則 し 停止 位置 先 進ん なら ない,1
394,停留 所 路線 バス 発進 合図 し た とき 後方 続く 車 警音 器 鳴らし 速やか に 追い越す,0
395,この 図 A 車 停止 し いる B 車 横 通過 する とき C 位置 一時 停止 し なけれ なら ない,1
396,故障 自動 車 ロープ 等 けん引 する とき けん引 する 車 故障 車 間 10 メートル 以内 保ち ロープ 中間 赤布 つけ なけれ なら ない,0
397,自転 車 そば 通る とき 自転 車 間 安全 な 間隔 あける 徐行 する 注意 必要 で ある,1
398,乗車 定員 5 人 普通 乗用 車 こども 12 才 未満 乗せる 場合 6 人 乗せ よい,1
399,マニュアル 車 オートマチック 車 比べ エンジン ブレーキ 効果 大きい,1
400,路線 バス 優先 通行 帯 ある 道路 一般 車 通行 する 車線 交通 量 少なく 又 バス 通行 し い なかっ た で 優先 通行 帯 通行 し た,1
401,高速 道路 長 時間 高速 で 走る 速度 感 まひ し 速度 超過 なり がち な で 速度 計 確かめる,1
402,交差 点 近づき 対面 する 信号 赤色 点滅 し いる とき 必ず 停止 位置 一時 停止 し 安全 確かめる,1
403,片側 崖 なっ いる せまい 道路 行き違う とき 崖側 車 一時 停止 し 道 ゆずる,1
404,優先 道路 走行 中 車 交差 する 道路 優先 道路 入ろう する 車 あっ 必ず 一時 停止 する 速度 落とす こと なく その まま 進行 すれ よい,0
405,白色 つえ 持っ た 人 こども 歩い いる 場合 車 間 1 メートル 余地 あれ 徐行 し なく よい,0
406,ハンドル あそび 全く ない 方 よい,0
407,同乗 者 車 降りる 際 ドア 不 用意 開け た こと よっ 交通 事故 発生 し た とき その 同乗 者 注意 おこたっ た 運転 者 責任 及ぶ で 運転 者 同乗 者 ドア 不 用意 開け ない よう に 注意 し なけれ なら ない,1
408,同一 方向 三 つ 通行 帯 ある 道路 最も 右側 車線 追い越し ため あけ おけ 他 車線 車 速度 関係 なく どの 車線 通行 し よい,0
409,自分 通行 し いる 車両 通行 帯 内側 黄色 線 引か れ いる とき 黄色 線 こえ 進路 変更 でき ない 外側 黄色 線 ある とき 進路 変え よい,1
410,前方 自転 車 追い越そう し た 左右 ふらつい おり 危険 予測 さ れ た で 危険 避ける ため やむ 得 ず 警音 器 鳴らし た,1
411,道路 曲がり角 付近 見通し 効く 場合 で あっ 徐行 し なけれ なら ない,1
412,前車 追い越し 左 進路 変える とき 左側 方向 指示 器 出し 前者 前方 出 たら すぐ 左 進路 変える,0
413,初心 者 マーク 高齢 者 マーク つけ た 車 走行 し いる とき どんな とき その 車 幅寄せ し 割り込ん なら ない,0
414,前面 ガラス マスコット 類 下げ 後部 窓 カーテン 取り付け し ない よう に する,1
415,普通 免許 受けれ 免許 受け いる 期間 関係 なく 普通 仮 免許 練習 する 人 同乗 指導 する こと できる,0
416,交差 点 内 通行 し いる とき 緊急 自動 車 接近 し き た で その 場 停止 し 緊急 自動 車 通過 する 待っ た,0
417,制動 距離 遠心 力 衝撃 力 いずれ 速度 2 倍 なれ それぞれ ほぼ 4 倍 なる,1
418,走行 中 地震 関する 警戒 宣言 発せ られ た 場合 車 置い 避難 する とき できる 道路 外 停止 さ せる,1
419,貨物 積ん だ とき 尾灯 方向 指示 器 見え ない よう な 状態 で あっ た 手 よる 合図 できる 運転 し よい,0
420,正面 衝突 おそれ 生じ た 場合 道路 外 危険 な 場所 で なく 道路 外 出る こと し なら ない,0
421,運転 者 疲れ いる とき ブレーキ かけ た とき 空走 距離 正常 な とき 比べ 長く なる,1
422,夜間 他 車 直後 追従 し 走行 する とき 前 照灯 下向き 減光 し なけれ なら ない,1
423,クレーン 故障 車 前輪 後輪 つりあげ けん引 する 場合 けん引 免許 必要 で ある,0
424,走行 中 前方 車 駐車 し おり 運転 者 乗っ いる こと 確認 し た で 安全 だ 思い その まま 速度 そば 通行 し た,0
425,道幅 明らか に 広い 道路 入り 右折 しよう し 交差 点 中心 付近 き いる とき 直進 車 左折 車 進行 し き 右折 車 優先 し 進行 する こと できる,0
426,交通 整理 行わ れ い ない 横断 歩道 手前 30 メートル 以内 自動 二 輪 徐行 し いる 車 左側 方 通過 し た,0
427,交差 点 右折 しよう する 車 対向 車 直進 車 ゆずる ため 停止 し た 停止 位置 後方 くる 車 進行 妨げ た 場合 右折 車 自分 本位 運転 言え ない,0
428,夜間 見とおし 悪い 交差 点 カーブ 手前 で 前 照灯 上向き し 点滅 し し 他 歩行 者 接近 知ら せれ 徐行 し なく よい,0
429,ブレーキ 踏み込ん だ とき ペダル 床板 つく よい,0
430,人 健康 生活 環境 害 あたえる 自動 車 排気 ガス 速度 積載 超過 関係 ない,0
431,追い越し する とき 前 車 車間 距離 できる つめ その 直近 追い越し 運転 操作 入っ た ほう よい,0
432,ビール 飲ん だ 近所 急用 でき た で 自動 車 運転 危険 だ バイク 運転 し た,0
433,緊急 自動 車 本線 車 道 入ろう し いる とき 又 出よう し いる とき その 通行 妨げ ない よう に する,1
434,道路 平行 し 駐車 し いる 車 右側 停車 できる 駐車 でき ない,0
435,クリープ 現象 オートマチック 車 停止 し いる とき ブレーキ ペダル しっかり 踏ん おか ない アクセル ペダル 踏ま なく 自動 車 走り 出す こと いう,1
436,雨天 日 運転 する とき 道路 地盤 ゆるん いる こと ある で 路肩 寄り すぎ ない よう に する,1
437,高速 自動 車 国道 自動 車 専用 道路 十分 な 幅 ある 路肩 路側 帯 あれ 車 自由 に 停車 駐車 できる,0
438,二 輪 車 押し 歩く とき エンジン とめ いれ 横断 歩道 歩道 通っ よい,1
439,合図 し た とき その 行為 終わる 合図 続け なけれ なら ない 終われ 合図 やめ なけれ なら ない,1
440,夜間 室内 灯 バス 以外 車 走行 中 つけ ない よう に する,1
441,ぬれ た 舗装 道路 走る とき タイヤ すり減っ いる とき 摩擦 力 小さく なる ため 停止 距離 長く なる,1
442,自動 車 速度 燃料 消費 量 密接 な 関係 あり 速度 低 すぎ 高 すぎ 燃料 消費 量 多く なる,1
443,交差 点 近づい た とき 警察 官 水平 に あげ た 両腕 平行 し い た A 状態 その 両腕 垂直 に あげ た で B 状態 停止 線 直前 停止 し た,1
444,歩行 者 用 道路 通行 許可 証 あれ 通行 する とき 徐行 し なく よい,0
445,車 路線 バス 優先 通行 帯 通行 できる 場合 他 通行 帯 交通 量 多く 混雑 し いる とき で ある,0
446,優先 道路 走行 中 車 交差 する 横 道路 優先 道路 入ろう する 車 あっ 必ず 停止 し ゆずる 優先 道路 通行 する 車 速度 落とす こと なく その まま 進行 すれ よい,0
447,交差 点 近づい た とき 前方 信号 青色 黄色 変わり 停止 線 距離 充分 に あっ た 急用 ため 急い い た で その まま 交差 点 通行 し た,0
448,免許 証 紛失 し 運転 資格 なくなっ た わけ ない 免許 証 さがし いる 間 運転 し よい,0
449,この 図 歩行 者 交差 点 斜め 横断 できる こと あらわし いる,1
450,黄色 灯火 点滅 信号 対面 する 歩行 者 車 他 交通 注意 し 進行 する こと できる,1
451,道路 左側 部分 幅 6 メートル 満た ない 道路 右側 部分 見とおし きか なかっ た 反対 方向 車 来る ようす なかっ た で 右側 部分 はみ出し 追い越し た,0
452,普通 自動 二 輪 大型 自動 二 輪 原付 積み荷 後方 荷台 50 cm 出し よい,0
453,駐車 禁止 で ない 道路 車 とめ た とき 車 右側 道路 幅 3 5 メートル 以上 なかっ た 運転 者 そば い 指示 し 10 分間 貨物 積みおろし 行っ た,1
454,普通 二 輪 免許 又 大型 二 輪 免許 受け 1 年 過ぎ い ない 者 二人乗り 運転 禁止 さ れ いる,1
455,同一 方向 三 つ 通行 帯 ある 道路 最も 右側 車線 追い越し ため あけ おけ 他 車線 車 速度 関係 なく どの 車線 通行 し よい,0
456,第 一 種 大型 免許 回送 する ため 大型 バス 運転 し た,1
457,自動 車 運転 中 緊急 自動 車 接近 し き た とき 近く 交差 点 ない 道路 道路 左 寄っ ゆずる,1
458,駐車 禁止 場所 で 運転 者 車 離れ ず 友人 帰り 5 分間 待っ た,0
459,暗い トンネル 前 照灯 つける 同時 方向 指示 器 つけ た まま 走行 する よい,0
460,小型 特殊 免許 原動 機 付 自転 車 運転 する こと できる,0
461,自動 二 輪 車 乗る とき ステップ 土 ふま ず のせ 足 うら 水平 に なる よう に し 足先 まっすぐ 前方 向け タンク 両ひざ しめる,1
462,タクシー 運転 中 対向 車線 側 客 乗車 申し入れ し い た で 左 矢印 よう な 転回 し た,0
463,駐車 禁止 さ れ い ない 道路 で あっ 夜間 同じ 場所 8 時間 こえ 駐車 し なら ない,1
464,警察 官 A B よう な 腕 よる 手 信号 矢印 方向 車 対し 同じ 意味 表わし いる,0
465,すべり やすい 道路 ブレーキ 踏む 空走 距離 長く なる,0
466,パーキング チケット 発給 設備 ある ところ 駐車 する とき パーキング チケット 受け たら 駐車 し いる 間 フロント ガラス 内側 見 やすい ところ 掲示 し なけれ なら ない,1
467,交通 整理 行わ れ い ない 横断 歩道 直前 停止 し いる 車 あっ 自分 車 進路 前方 歩行 者 い なけれ その まま 通過 し よい,0
468,一方 通行 道路 右折 する とき あらかじめ 道路 右側 端 寄り 交差 点 中心 内側 徐行 する,1
469,自動 車 速度 制動 距離 関係 速度 2 倍 なれ 制動 距離 ほぼ 2 倍 なる,0
470,交差 点 手前 青 信号 なっ た 前車 発進 し ない で 警音 器 鳴らし た,0
471,本線 車 道 入ろう する 車 加速 車線 十分 な 加速 する 本線 車 道 通行 し いる 車 これ ゆずら なけれ なら ない,0
472,夜間 他 車 行き違う とき 対向 車 ライト 道路 中央 付近 歩行 者 見え なく なる こと ある で 十分 に 注意 する,1
473,普通 自動 車 追いつか れ た 大型 貨物 自動 車 後車 追い越し 終わる 速度 増し なら ない,1
474,高速 自動 車 国道 故障 車 ロープ 等 けん引 し 運転 する こと でき ない,1
475,道路 まがりかど 付近 見とおし わるい とき 限り 徐行 し なけれ なら ない,0
476,右側 方向 指示 器 操作 する 右折 する とき で ある,0
477,駐車 違反 し 違法 駐車 標章 はら れ た 場合 すぐ 車 移動 し その 場所 警察 署 申し出 なけれ なら ない,1
478,追い越し する とき 前車 右折 ため 中央 寄っ 通行 し いる 場合 ほか その 右側 通行 する,1
479,信号 機 表示 する 赤色 灯火 点滅 対面 し た 自動 車 交差 点 停止 位置 一時 停止 し 安全 確認 する,1
480,坂道 行き違う とき 通常 上り 優先 さ せ いる 上り 発進 難しい で ある,1
481,横断 歩道 手前 30 メートル 以内 部分 普通 自動 車 原動 機 付 自転 車 追い越し た,0
482,走行 中 横すべり おこす 原因 主に 車 整備 不良 その 原因 なる,0
483,自動 車 登録 受け 軽 車両 届け出 番号 標 ナンバー プレート 付け た もの で なけれ 運行 用 供し なら ない,1
484,車 優先 道路 通行 し いる 場合 左右 見とおし きか ない 交差 点 入ろう する とき 徐行 し なけれ なら ない,0
485,一方 通行 道路 通行 中 後方 緊急 自動 車 近づい き た 道路 左端 寄る 緊急 自動 車 通行 妨げ なる で 右側 寄っ 進路 ゆずっ た,1
486,自動 車 前面 ガラス 次 検査 時期 年 月 示す 検査 標章 はら なけれ なら ない,1
487,トンネル 出る とき 明るく なり 視力 低下 し ない で 速度 落とさ なく よい,0
488,交通 事故 よる 負傷 者 大声 呼びかけ 肩 たたい 反応 ない 場合 呼吸 気道 ふさがら ない よう に 頭 後方 そら せる,1
489,走行 中 後輪 右 横すべり し た 場合 ハンドル 左 切れ よい,0
490,空走 距離 停止 距離 合わせ た もの 制動 距離 で ある,0
491,タイヤ 空気 圧 低い まま 高速 走行 続ける スタンディング ウェーブ 現象 波打ち 現象 おきる こと がる,1
492,駐車 禁止 場所 で あっ た 自動 車 貨物 積む ため 運転 者 離れ ず 5 分間 終え 去っ た,1
493,電車 通っ た 直後 車 踏切 直前 停止 し 安全 で ある こと 確かめ 通る,1
494,普通 免許 また 大型 特殊 免許 受け 三 年 運転 経験 ある 者 大型 免許 取得 し た 場合 年齢 関係 なく 大型 ダンプ カー 特定 大型 自動 車 運転 する こと できる,1
495,二 輪 車 カーブ まがり 方 ハンドル 切る で なく 車体 傾け 自然 に まがる よう に する,1
496,道路 まがり 角 付近 減速 すれ 徐行 し なく よい,0
497,前車 追い越し 進路 もどす とき 追い越し た 車 全体 ルーム ミラー うつっ 進路 ゆるやか に 左 とる,1
498,自動 車 積載 重量 制限 その 車 最大 積載 量 10 分 1 増し 許可 なく 積ん よい,0
499,追い越し 禁止 区間 場所 その 自動 車 原動 機 付 自転 車 軽 車両 追い越し 違反 ない,1
500,左折 する とき 左前 輪 交差 点 かど すれすれ に 寄せ できる 交差 点 側端 沿っ 通行 する,0
501,凍結 し た 道路 水 まく よい,0
502,信号 赤色 で あっ 交通 整理 中 交通 巡視 員 進め 手 信号 し た とき その 手 信号 従っ 通る,1
503,エンジン ブレーキ 低速 ギア よく きく,1
504,高速 自動 車 国道 どんな 場合 最低 速度 達し ない 速度 運転 し なら ない,0
505,50 キロメートル毎時 走行 中 車 25 キロメートル毎時 落とせ 徐行 なる,0
506,運転 手 する 合図 それぞれ 行為 終わる その 合図 続け なけれ なら ない,1
507,タイヤ チェーン 前輪 駆動 後輪 駆動 関係 なく 後輪 つける もの で ある,0
508,夜間 駐車 する とき 照明 灯 つき 50 メートル 後方 見える 場所 で あっ た で 駐車 灯 等 つけ ない 駐車 し た,1
509,高速 道路 故障 し た とき 停止 表示 器材 後方 置け 本線 車 道 とめ よい,0
510,原動 機 付 自転 車 運転 する とき なれ いる 道路 近い 距離 場合 ヘルメット かぶら なく よい,0
511,高速 道路 昼間 霧 ため 200 メートル 先 見え ない 場合 前 照灯 つける,1
512,乾燥 し た 舗装 道路 60 キロメートル毎時 走行 中 自動 車 停止 距離 約 40 メートル こえ た 距離 で ある,1
513,オートマチック 車 エンジン 始動 直後 エアコン 作動 時 エンジン 回転 数 高く なり 急 発進 する 危険 ある で ブレーキ ペダル しっかり 踏ん おか なけれ なら ない,1
514,駐車 場 車庫 出入り 口 3 メートル 以内 駐車 禁止 で ある それ 自宅 用 もの で あれ 駐車 し よい,0
515,交差 点 以外 横断 歩道 等 ない ところ 手 信号 灯火 よる 信号 し いる とき 停止 位置 その 警察 官 1 メートル 手前 で ある,1
516,歩道 路側 帯 ない 道路 駐車 する とき 道路 左側 端 歩行 者 通行 できる 幅 残さ なけれ なら ない,0
517,違法 な 駐車 他 交通 迷惑 およぼす で なく 交通 事故 原因 なっ する,1
518,安全 速度 常 法定 速度 守っ 走行 する こと で ある,0
519,第 二 種 免許 受け られる 人 原則 し 21 歳 以上 大型 免許 普通 免許 また 大型 特殊 免許 受け い た 期間 通算 し 3 年 以上 人 で ある,1
520,バス 運行 時間 中 で なけれ タクシー バス 停留 所 駐車 さ せ 違反 ない,1
521,夜間 信号 機 ない 交差 点 右折 しよう し 交差 点 近づい たら 対向 二 輪 車 近づい き た 二 輪 車 進路 予測 でき なかっ た で 急い 右折 し た,0
522,白 黄 杖 持っ 歩い いる 人 歩行 補助 者 使っ い その 通行 支障 ある 高齢 者 通行 し いる 場合 あらかじめ 手前 減速 し これ ら 人 安全 に 通れる よう に し なけれ なら ない,0
523,安全 地帯 停留 所 路面 電車 停車 し 客 乗り降り さ せ いる とき 常 その 後方 停止 し い なけれ なら ない,0
524,乗客 いる タクシー 運転 中 軽い 接触 事故 起こし た 客 外傷 なかっ た で その まま 運転 し 目的 地 降車 さ せ た,0
525,進路 変更 転回 後退 しよう する とき 方向 指示 器 合図 す べき で 手 よる 合図 まぎらわしい で さける べき で ある,0
526,車両 通行 帯 有無 関係 なく トンネル 内 追い越し 禁止 で ある,0
527,二 輪 車 運転 し ブレーキ かける とき 前輪 ロック し た とき 後輪 ロック し た 方 危険 で ある,0
528,雨 日 山道 通行 する とき 地盤 ゆるん いる こと ある で 路肩 寄り すぎ ない よう に する,1
529,前方 自転 車 追い越そう し た 左右 ふらつい おり 危険 予測 さ れ た で 危険 避ける ため やむ 得 ず 警音 器 鳴らし た,1
530,路線 バス 運転 者 他 乗客 迷惑 なる おそれ ある 物 車内 著しく 汚損 する おそれ ある 物 持っ いる 人 乗車 拒否 する こと できる,1
531,タクシー 運転 中 乗客 歩行 者 用 道路 通る よう に 求め られ た で 歩行 者 注意 し 通行 し た,1
532,高速 道路 本線 車線 加速 車線 減速 車線 登坂 車線 故障 燃料 切れ 運転 でき なく なっ た とき レッカー 車 呼ぶ し 速やか に これ ら 場所 移動 し なけれ なら ない,1
533,高速 道路 本線 車線 追突 危険 ある で いかなる 場合 車 止め いけ ない,0
534,故障 車 やむ 得 ず 一般 車両 けん引 する とき 丈夫 な ロープ 確実 に つなぎ ロープ 30 センチメートル 平方 以下 赤い 布 つけ なけれ なら ない,0
535,事故 よる 負傷 者 救護 する とき できる 限り 手当て する こと 大切 で ある 頭部 けが し いる とき むやみ に 動かさ ない よう に し なけれ なら ない,1
536,タクシー 運転 中 客 急 に 右折 し ほしい 言っ た で A 位置 図 よう な 進路 とっ 右折 し た,0
537,道路 面し た 場所 出入り する ため 歩道 路側 帯 横切る 場合 人 い ない とき 必ず 一時 停止 必要 ない,0
538,危険 さける ため やむ 得 ない 場合 ほか 急 ブレーキ かけ いけ ない,1
539,オートマチック 車 チェンジ レバー P パーキング また N ニュートラル 位置 ない とき エンジン 始動 し ない 構造 なっ おり P 位置 始動 する 基本 で ある,1
540,荷物 積みおろし 運転 者 すぐ 運転 できる とき 車 右側 道路 上 3 5 メートル 以上 余地 なく 駐車 できる,1
541,夜間 一般 道路 故障 し た 場合 他 交通 妨げ なら ない よう 車 移動 し 非常 点滅 表示 灯 つける 停止 表示 器材 置く,1
542,上り坂 前車 続い 停車 し た とき 前車 発進 際 後退 し 衝突 さ れ ない 程度 車間 距離 とる よう に する,1
543,夜間 高速 道路 走行 中 前方 自動 二 輪 車 発見 し た 二 輪 車 車体 小さく 尾灯 見え にくい で 特に 距離 感 誤ら ない よう に 注意 し 走行 し た,1
544,正面 信号 黄色 点滅 し いる とき 停止 位置 一時 停止 し た うえ 他 交通 注意 し 進行 し なけれ なら ない,0
545,自動 車 通行 中 この 信号 機 信号 対する 黄色 矢印 方向 進む こと できる,0
546,運転 時 疲労 影響 目 最も 強く 現れる で 疲労 度 高まる つれ 見落とし 見 間違い 多く なる,1
547,停留 所 路線 バス 止まっ いる とき 路線 バス 発進 する その 横 通過 し なら ない,0
548,前車 続い 踏切 通過 する とき 踏切 手前 一時 停止 確認 し 列車 こ なけれ 踏切 向う側 交通 状況 関係 なく 急い 踏切 内 入っ よい,0
549,本線 車 道 高速 道路 通常 高速 走行 する 車線 部分 加速 車線 減速 車線 登坂 車線 路側 帯 路肩 除い た 部分 いう,1
550,実際 交通 場 どちら 先 進行 する とっさ 判断 でき ない 場合 ある これ ら 解決 する ゆずり合い 気持ち で ある,1
551,対向 車 多い 市街 地 道路 通行 する とき 前 照灯 常 上向き し 運転 し なけれ なら ない,0
552,この 図 おい 矢印 方向 自動 車 右折 する 場合 A 位置 信号 青色 とき 交差 点 進入 し B 位置 信号 赤色 とき 交差 点 内 B 位置 信号 手前 停止 し なけれ なら ない,0
553,前 車 右折 ため 右側 進路 変えよう し いる とき 追い越し し なら ない,1
554,道路 沿い 施設 入る ため 進路 変更 合図 進路 変えよう する 地点 30 メートル 手前 行わ なけれ なら ない,0
555,霧 とき 運転 する とき 視界 極めて 悪い で 前 照灯 早目 に 点灯 し 中央 線 ガードレール 前車 尾灯 目安 し 速度 落とし 走行 する,1
556,故障 車 ロープ また クレーン けん引 する とき けん引 免許 必要 で ある,0
557,夜間 対向 車 行き違う とき 自分 車 対向 車 ライト 道路 中央 付近 歩行 者 見え なく なる こと ある で 速度 落とし た 方 安全 で ある,1
558,雪道 右左折 する とき ブレーキ かけ ハンドル 操作 する,0
559,速度 3 倍 なる 衝突 し た とき 自分 受け 相手 与え する 力 だいたい 3 倍 なる 考え よい,0
560,乗車 定員 5 人 普通 乗用 車 こども 12 才 未満 乗せる 場合 6 人 乗せ よい,1
561,乗客 いる とき 限り タクシー 軌道 敷 内 通行 し いけ ない,0
562,大型 免許 普通 自動 二 輪 車 運転 する こと できる,0
563,オートマチック 車 運転 アクセル ペダル ブレーキ ペダル 操作 基本 なる で チェンジ レバー 注意 する 必要 ない,0
564,高速 道路 走行 中 インターチェンジ 出口 間違え 通り過ぎ た とき 後方 注意 し 後退 し 出口 入る,0
565,踏切 その 端 前後 10 メートル 以内 駐停車 禁止 で ある タクシー 乗客 乗り降り ため なら 停車 し よい,0
566,普通 第 二 種 免許 普通 自動 二 輪 車 運転 する 無 免許 運転 なる,1
567,図 A 車 停止 し いる B 車 横 通過 する とき C 位置 一時 停止 し なけれ なら ない,1
568,バス タクシー 悪路 通過 する とき で あっ 前 もっ 乗客 注意 あたえ おけ 乗客 けが し 運転 者 責任 ない,0
569,警察 官 灯火 頭上 上げ いる 場合 その 交差 点 信号 全部 赤 同じ で ある,0
570,見通し よい 道路 まがり 角 通行 する とき 徐行 し なく よい,0
571,こう配 急 な 下り坂 上り坂 共 停車 駐車 し なら ない,1
572,高速 自動 車 国道 本線 車 道 最低 速度 指定 さ れ いる 自動 車 専用 道路 定め られ い ない,1
573,明らか に 地理 不 案内 ため ブレーキ 灯 ときどき 点灯 さ せ た 自動 車 走行 し い た で 急 な 進路 変更 予測 し 高速 通過 し た,0
574,歩行 者 そば 通る とき どんな 場合 徐行 し なけれ なら ない,0
575,一方 通行 道路 緊急 自動 車 後方 接近 し た とき 交通 状況 関係 なく 左側 寄っ 緊急 自動 車 進路 ゆずら なけれ なら ない,0
576,安全 地帯 側方 通行 する とき 歩行 者 い なく 徐行 し なけれ ばら ない,0
577,横断 歩道 自転 車 横断 帯 その 前後 10 メートル 以内 場所 駐車 停車 し なら ない,0
578,右折 する 時 転回 する 時 合図 行う 場所 方法 同じ で ある,1
579,雨 日 対向 車線 トラック 水しぶき 上げ 近づい き た ため 対向 車 続い くる その 水しぶき 視界 さえぎら れる おそれ ある で 速度 上げ 前者 接近 し すぐ 後ろ 走行 し た,0
580,幼児 自動 車 乗せる とき 運転 者 目 届き やすい 前部 座席 乗せる ほう よい,0
581,ガソリン スタンド 出る とき 誘導 員 合図 あっ た で 徐行 し 歩道 横切っ た,0
582,スタンディング ウェーブ 現象 空気 圧 低い タイヤ 高速 走行 する とき 起こり やすく この 現象 発生 する トレッド ゴム 分離 し 破裂 する 危険 性 高く なる,1
583,駐車 車両 そば 通る とき 車 かげ こども 飛び出す こと 予測 し 速度 落とす 注意 し 走行 する,1
584,車線 減少 ため 進路 変更 する 場合 後続 車 なけれ 合図 出さ なく よい,0
585,大型 免許 受け た 者 大型 自動 車 普通 自動 車 大型 自動 二 輪 車 小型 特殊 自動 車 原動 機 付 自転 車 運転 し よい,0
586,交差 点 手前 車両 通行 帯 黄色 線 区画 さ れ いる ところ 後方 側方 安全 確認 できれ 危険 ない で 右左折 ため 進路 変更 し よい,0
587,睡眠 作用 ある 薬 服用 し た とき 車 運転 し いけ ない,1
588,走行 中 オーバーヒート し た とき 直ちに エンジン 止め 冷却 水 補充 する,0
589,乗車 定員 5 人 タクシー 運転 中 大人 2 人 幼児 4 人 乗車 申し入れ あっ た 定員 こえ しまう で 乗車 ことわっ た,1
590,警察 官 手 信号 横 水平 に 上げ た 腕 平行 する 交通 交差 する 交通 赤色 灯火 信号 同じ 意味 で ある,1
591,近く 交差 点 ない 道路 緊急 自動 車 接近 し き た とき 道路 左側 寄っ 一時 停止 し なけれ なら ない,0
592,次 交差 点 右折 する ため 道路 中央 寄り 進行 中 左 前方 車 右折 合図 し た で 急 ブレーキ 進路 ゆずっ た,0
593,車両 通行 帯 黄色 線 区画 さ れ いる ところ 進路 変更 禁止 さ れ いる タクシー 客 乗せる ため で あれ 黄色 線 関係 なく 進路 変更 できる,0
594,高速 道路 走行 中 前方 交通 渋滞 し ノロノロ 運転 なっ しまっ た で やむ 得 ず 路側 帯 通行 し た,0
595,この 路側 帯 入っ 駐停車 する とき 車 左側 0 75 メートル 余地 とら な けら なら ない,1
596,交通 量 少ない とき 他 道路 利用 者 迷惑 かける こと ない で 自分 通行 利便 考え 運転 し よい,0
597,ウィンド ウォッシャ 点検 ウォッシャ 液 適量 液 ウィンド ガラス 確実 に 飛ぶ 確かめる,1
598,バス 優先 通行 帯 通行 し いる 他 自動 車 路線 バス 近づい た とき 速やか に そこ 出 なけれ なら ない,1
599,昼間 で あっ 高速 道路 濃い 霧 ため 200 メートル 先 見え ない よう な とき 夜間 同じ よう に 前 照灯 つけ なけれ なら ない,1
600,時速 60 キロメートル コンクリート 壁 激突 する ビル 5 階 程度 落ち た 同じ 程度 衝撃 受ける,1
601,警察 官 道路 おけ る 混雑 緩和 措置 し 後退 転回 する よう に 指示 し た 場合 これ 従わ なく なら ない,1
602,第 二 種 免許 受け いる 人 運転 プロ な で ビール 一 杯 なら 飲ん 運転 し よい,0
603,客 乗り降り ため 停留 所 止まっ いる 路線 バス 追いつい た とき その 後ろ 一時 停止 し バス 発進 する そば 通過 し なら ない,0
604,交通 混雑 し いる とき たとえ 自転 車 横断 帯 停止 する こと なる 場合 で あっ 自転 車 横断 帯 進入 し よい,0
605,二 輪 自動 車 場合 荷台 幅 右 0 3 メートル 左 0 3 メートル はみ出し 荷物 積ん よい,0
606,車 運転 中 大 地震 発生 し た とき 道路 車 放置 し 避難 する 他 交通 妨げ なる で 車 運転 し た まま 避難 する よい,0
607,警察 官 A B よう な 腕 よる 手 信号 矢印 方向 車 対し 同じ 意味 表わし いる,0
608,信号 機 より 交通 整理 行わ れ いる 左右 見通し きか ない 交差 点 徐行 し ない 直進 し た,1
609,横断 歩道 また 自転 車 横断 帯 手前 30 メートル 以内 で あっ 自動 二 輪 車 原動 機 付 自転 車 で あれ 他 自動 車 追い越し 追い抜い し よい,0
610,はげしい 降雨 時 高速 走行 する ハイドロプレーニング 現象 発生 する こと ある この 現象 発生 し た とき ハンドル しっかり 握り ブレーキ 強く 踏ん 速度 落とす,0
611,歩行 者 横断 禁止 道路 道路 左側 園児 2 人 横断 し 始め た で 一時 停止 し 注意 与え 横断 やめ させ た,1
612,自賠責 保険 強制 保険 車検 期限 切れ いる タクシー 運転 し 会社 責任 ある 運転 者 責任 ない,0
613,運転 者 運転 しよう する 者 共同 危険 行為 違反 する よう に そそのかし た 者 車 運転 し い なく 免許 取り消さ れる,1
614,上り坂 頂上 付近 こう配 急 な 下り坂 自動 車 原動 機 付 自転 車 追い越し 追い抜い し なら ない,0
615,霧 とき 危険 防止 する ため 必要 応じ 警音 器 使う よう に する,1
616,高速 道路 本線 車 道 最も 左側 車両 通行 帯 通行 中 左方 救急 用 自動 車 赤色 警 光 灯 つけ 本線 車 道 入ろう し い た で 右 後方 車 注意 し 右側 車両 通行 帯 進路 変え た,1
617,車 運転 中 ブレーキ 故障 気づい た 目的 地 近かっ た で その まま 運転 し た,0
618,大型 第 二 種 免許 受け いる 者 けん引 自動 車 よっ 旅客 自動 車 けん引 し 旅客 運送 し よい,0
619,乗合 バス 運転 者 停留 所 乗客 い ない とき 運行 時間 前 発車 し よい,0
620,こう配 急 な 下り坂 駐車 し いけ ない こう配 急 な 上り坂 駐車 し よい,0
621,事故 現場 積み荷 危険 あっ する で タバコ 吸っ ライター 使っ いけ ない,1
622,道路 工事 区域 端 5 メートル 以内 場所 停車 できる 駐車 でき ない,1
623,信号 機 なく 交通 量 少ない 交差 点 右左折 する 場合 右左折 合図 行わ なく よい 場合 ある,0
624,自動 車 運転 者 シート ベルト 装着 し 乗車 し いる 人 装着 する よう 指示 し なけれ なら ない,1
625,路線 バス 専用 通行 帯 最も 左 通行 帯 指定 さ れ い ない 場合 一般 車 その 専用 通行 帯 右折 以外 通行 できる,0
626,道路 平行 し 駐車 し いる 車 右側 停車 できる 駐車 でき ない,0
627,見通し 悪い カーブ 走行 する とき カーブ 先 見え ない で 道路 中央 寄っ 対向 車 有無 確かめ 進行 する,0
628,夕暮れ どき 暗く なっ いく 速度 視力 順応 でき ない ため 危険 見落とし やすい で 早目 に 前 照灯 点灯 し 明け方 自分 存在 相手 知ら せる ため 遅く 点灯 する よい,1
629,夜間 信号 機 ない 交差 点 右左折 する とき 自転 車 歩行 者 急 な 横断 防止 する ため 前 照灯 上向き し すばやく 右左折 する,0
630,不 必要 な 急 発進 急 ブレーキ 交通 公害 地球 温暖 化 関係 ない,0
631,路面 ぬれ タイヤ すり減っ いる 時 停止 距離 乾燥 し た 路面 タイヤ 状態 よい 時 約 4 倍 程度 伸びる こと ある,0
632,信号 機 青色 進め で ある 前方 交通 関係 なく 直ちに 発進 する,0
633,雨 日 車 運転 滑り やすく 危険 度 高い ハンドル ブレーキ 操作 確実 に すれ 事故 発生 し ない で 車間 距離 速度 晴れ 日 同じ よい,0
634,交差 する 道路 優先 道路 で あっ その 道幅 広い とき 徐行 し 交差 する 道路 交通 妨げ ない よう に し なけれ なら ない,1
635,右 カーブ 走行 する とき 車 右側 飛び出そう する 力 働く,0
636,整備 さ れ い ない 車 運転 し それ 交通 事故 原因 なっ また 他 多く 道路 利用 する 人々 迷惑 かける よう な こと なら ない,0
637,交差 点 すでに 左折 また 右折 し いる 自動 車 その 左折 また 右折 方向 信号 赤 その まま 進める,1
638,危険 さける ため やむ 得 ない とき 安全 地帯 立入 禁止 部分 通行 し よい,0
639,高速 道路 走行 する とき 荷物 転落 し 飛散 し ない よう に 前 もっ 荷物 状態 よく 点検 し なけれ なら ない,1
640,踏切 車 動か なく なっ た 時 発炎 筒 ない 場合 煙 出 やすい 物 燃やす し 合図 する こと 必要 で ある,1
641,交差 点 正面 信号 赤色 点滅 し いる とき 停止 位置 一時 停止 する また 徐行 し なけれ なら ない,0
642,道路 片側 障害 物 ある とき 対向 車 行き違う とき 障害 物 ある 側 車 進路 ゆずる,1
643,交差 点 進行 中 緊急 自動 車 接近 し き た で 進路 ゆずる ため 交差 点 内 停止 し た,0
644,この よう な 路側 帯 人 乗り降り ため で あっ 中 入っ 車 止め なら ない,1
645,踏切 通過 する とき 踏切 内 停止 し ない よう に する ため 発進 後 直ちに 高速 ギア 入れ 歩行 者 対向 車 注意 し 中央 寄り 一気 通過 する,0
646,後退 する とき 手 よる 合図 腕 斜め下 のばし 手の平 後ろ 向け その 腕 前後 動かす,1
647,ひき逃げ 車両 見かけ たら 負傷 者 助ける こと もちろん 車 ナンバー 車種 色 特徴 警察 官 届け出る,1
648,この 図 A 車 停止 し いる B 車 横 通過 する とき C 位置 一時 停止 し なけれ なら ない,1
649,昼間 一般 道路 トンネル 中 濃い 霧 中 50 メートル 先 見え ない ところ 通行 する とき 前 照灯 車幅 灯 尾灯 つけ なけれ なら ない,1
650,高速 道路 通行 する とき 高速 道路 停止 する こと ない よう 走行 前 燃料 冷却 水 エンジン オイル 量 点検 し なけれ なら ない,1
651,第 二 種 運転 免許 証 紛失 し 再 交付 申請 警察 出し いれ 免許 証 交付 さ れる 間 バス タクシー 運転 できる,0
652,高速 道路 追い越し する 場合 早め に 合図 し 追い越し 車線 車 動き 注意 し 行い 特に 進路 戻す 時 車 全体 ルーム ミラー 写っ た こと 確認 し 行なう よう に し な けら なら ない,1
653,交差 点 その 付近 最も 交通 事故 多い 危険 な 場所 な で 交差 点 入ろう する とき 交差 点 通行 する とき 歩行 者 他 車 注意 する とも 見え ない ところ ひそむ 危険 予測 し できる 限り 安全 な 速度 通行 し なけれ なら ない,1
654,この 信号 機 信号 対する 車 徐行 し 通行 する こと できる,0
655,大型 第 二 種 免許 うけ いれ 旅客 運送 目的 大型 バス もちろん タクシー 運転 し よい,1
656,交通 巡視 員 警察 官 ない で 交通 巡視 員 手 信号 し い その 手 信号 従わ なく よい,0
657,放置 駐車 違反 運転 車 車 離れ い すぐ 運転 でき ない 状態 する 行為 する 運転 者 で なく 使用 者 その 責任 問わ れる こと なる,1
658,農耕 作業 用 車 よう に 構造 上 時速 50 キロメートル 以上 速度 出せ ない 自動 車 高速 自動 車 国道 通行 し なら ない,1
659,トンネル 出口 切り通し 出口 で 突然 横風 受け ハンドル とら れ た 感じ なっ た で 速度 落とし ハンドル しっかり 握り あわて ず ゆく くり ハンドル 修正 し た,1
660,前 車 追い越す ため また 進路 変更 する ため 加速 する 必要 ある とき 定め られ た 速度 こえ 運転 し よい,0
661,人 乗り降り ため 停止 し いる 通学 通園 バス そば 通る とき 徐行 し 安全 確かめ なく なら ない,1
662,この 信号 機 青 矢印 信号 赤色 で あっ 矢印 方向 進行 し よい こと 表し いる 軽 車両 二 段階 右折 方法 よる 右折 する 原動 機 付 自転 車 進行 する こと でき ない,1
663,自動 車 乗る 前 車 前後 車 下 人 い ない 確かめる こと 大切 で ある,1
664,雪道 通行 する 場合 雪 積もっ た ところ ハンドル とら れる おそれ ある で 前 車 通っ た 跡 選ん 通る 方 よい,1
665,交差 点 直進 しよう し 図 よう に 矢印 方向 進行 中 A 地点 前方 信号 青色 黄色 変わっ た とき 急 停止 し なけれ なら ない,0
666,こう配 急 な 下り坂 自動 車 原動 機 付 自転 車 追い越し し いけ ない こう配 急 な 上り坂 追い越し し よい,1
667,横断 歩道 ない ところ 横断 し いる 歩行 者 対し 徐行 減速 する し その 通行 妨げ なら ない,1
668,交通 整理 行なわ れ い ない 交差 点 入ろう する 場合 交差 する 道路 優先 道路 で ある 時 幅 明らか に 広い 時 徐行 し なけれ なら ない,1
669,日常 点検 結果 エンジン 始動 時 異音 発見 し た 前日 運転 問題 なかっ た で その まま 運転 し た,0
670,オートマチック 車 交差 点 停止 する とき ブレーキ ペダル 踏み 念 ため ハンド ブレーキ かけ おく よい,1
671,運転 者 危険 感じ ブレーキ 踏み ブレーキ 実際 きき 始める 間 走る 距離 速度 速い 長く なる,1
672,片側 がけ 安全 に 行き違い でき ない 坂道 通行 する とき がけ 側 谷側 車 あらかじめ 安全 な 場所 停止 し 対向 車 道 ゆずる,1
673,横断 歩道 手前 100 メートル 以上 ところ 大型 自動 二 輪 車 追い越そう し た 追い越し 中 横断 歩道 手前 30 メートル 以内 入り そう だっ た で 追い越し やめ 速やか に 元 戻っ た,1
674,ブレーキ 数 回 分け 踏む 制動 灯 点滅 し 後車 対し じゃま に なる で できる 分け 踏ま ない 方 よい,0
675,自動 二 輪 車 追従 中 後ろ 車 自分 車 追い越そう し た で 急い 追い越し 始め た,0
676,タクシー 運転 中 対向 車線 側 客 乗車 申し入れ し い た で 左 矢印 よう な 転回 し た,0
677,正面 信号 黄色 点滅 表示 し いる とき 他 交通 注意 し 進行 する,1
678,警察 官 灯火 頭上 上げ いる 場合 その 交差 点 信号 全部 赤 同じ で ある,0
679,道路 左側 部分 6 メートル 未満 見通し よい 道路 で あっ 道路 中央 黄色 実線 センター ライン ある とき 追い越し ため 右側 部分 はみ出し なら ない,1
680,自転 車 道 道路 外 施設 出入り する ため なら 横切っ 通行 し よい,1
681,下り坂 急 に ブレーキ きか なく なっ た とき 手早く 減速 チェンジ し ハンド ブレーキ 引く 方法 ある,1
682,雪道 カーブ 通行 する とき 低速 走行 で なく 常 カーブ 先 突然 対向 車 出 くる しれ ない こと 予測 し 運転 する 急 ブレーキ 急 ハンドル 防止 なる,1
683,信号 機 青色 灯火 進め 命令 ない 横断 歩道 踏切 中 出 られ なく なる よう な 交通 状態 とき 青色 その 中 進入 し なら ない,1
684,高速 道路 追い越し する とき 追い越し 車線 走行 する 時間 短く する ため 追い越す 車 車間 距離 できる つめ 追い越し 始める,0
685,左折 しよう する とき あらかじめ できる 道路 左端 寄り 交差 点 側端 徐行 し なけれ なら ない,1
686,路線 バス 運転 者 盲導 犬 つれ た 人 乗車 拒否 し なけれ なら ない,0
687,タクシー 運転 中 安全 地帯 左側 で 客 手 上げ 乗車 求め い た で 停車 し た,0
688,道幅 同じ で しかも 特に 優先 指定 ない 交差 点 直進 する とき 左方 車 進行 し き い 先 通過 し よい,0
689,止まっ いる もの 衝突 する とき もし 速度 半分 下げる こと でき た すれ 衝突 時 受ける 力 4 分 1 なる,1
690,この 図 歩行 者 交差 点 斜め 横断 できる こと あらわし いる,1
691,車 運転 中 路線 バス 停留 所 発進 合図 し いる 認め た 急い いる で 警音 器 鳴らし その 側方 通過 し た,0
692,身 つい た 安全 運転 交通 規則 守り 道路 交通 状況 細心 注意 払い 冷静 に 車 コントロール できる こと 習慣 化 さ れ いる こと いう,1
693,交差 点 前方 信号 赤色 黄色 灯火 で あっ 同時 青色 矢印 出 いる とき 自動 車 矢印 方向 進ん よい,1
694,路線 バス 専用 通行 帯 通行 中 路線 バス 専用 通行 帯 通行 する 他車 専用 通行 帯 速やか に 出る よう に 警告 し なけれ なら ない,0
695,タクシー 運転 中 図 よう な A 場所 で 乗客 直進 する よう に 指示 し た で 左方 車両 注意 し B 車両 通行 帯 進路 変更 し た,0
696,普通 第 二 種 免許 乗車 定員 6 名 普通 乗用 自動 車 運送 目的 運転 し た,1
697,路側 帯 通行 し いる 自転 車 そば 通る とき その 自転 車 間 安全 な 間隔 とっ 徐行 し する 必要 ない,0
698,明るい ところ 急 に 暗い トンネル 入る 視力 一時 急激 に 低下 する で トンネル 入る 前 速度 落とす,1
699,大 地震 発生 し やむ 得 ず 車 道路 上 置い 避難 する とき 車 道路 左側 寄せ 停車 し エンジン 止め エンジン キー 抜きとり 窓 閉め 必ず ドア ロック し おく,0
700,タクシー 乗客 乗り降り さ せる とき 歩行 者 用 道路 通行 し よい,0
701,オートマチック 車 エンジン 始動 さ せる とき ハンド ブレーキ かかっ おり チェンジ レバー P パーキング 位置 ある こと 確かめ た うえ ブレーキ 踏み エンジン 始動 さ せ なけれ なら ない,1
702,自動 車 通行 中 この 信号 機 信号 対する 黄色 矢印 方向 進む こと できる,0
703,高速 道路 上 故障 より 運転 する こと でき なく なっ た とき 車 残ら ない 安全 な 場所 避難 する,1
704,トンネル 中 霧 濃い 場所 通行 する とき 危険 防止 ため 右折 同じ 方法 方向 指示 器 操作 し なけれ なら ない,0
705,夜間 一般 道路 普通 自動 車 駐停車 さ せる とき 街路 灯 50 メートル 後方 はっきり 自動 車 見える 場所 非常 点滅 表示 灯 尾灯 つけ なけれ なら ない,0
706,タクシー 消火 栓 すぐ 近く 客 降ろし 違反 なら ない,1
707,自転 車 横断 帯 その 端 前後 30 メートル 以内 場所 駐車 し いけ ない,0
708,日常 点検 する とき 灯火 類 点灯 さ せ 方向 指示 器 点滅 さ せ 点検 する,1
709,エンジン 水 オイル もれる たとえ その 量 少量 で あっ 異常 で ある,1
710,自動 車 転回 さ せる 場合 合図 右折 同じ 要領 おこない 安全 確認 し なけれ なら ない,1
711,四 輪 車 運転 者 左折 しよう する とき バック ミラー 見え ない 部分 二 輪 車 自転 車 いる こと 予測 し 方向 指示 器 より 自分 意思 知ら せる こと 必要 で ある,1
712,大型 特殊 免許 運転 できる 大型 特殊 自動 車 大型 自動 車 中型 自動 車 小型 特殊 自動 車 一般 原動 機 付 自転 車 で ある,0
713,一般 車両 交差 点 交差 点 付近 緊急 自動 車 近づい き た 場合 交差 点 さけ 道路 左側 寄っ 一時 停止 し なけれ なら ない,1
714,仮 運転 免許 練習 又 路上 試験 技能 検定 受ける 場合 ほか 路上 運転 し なら ない,1
715,四 輪 車 運転 者 二 輪 車 優越 感 持ち 二 輪 車 軽視 する 傾向 ある,1
716,進路 変更 する とき まず 安全 確認 し 方向 指示 器 合図 出す,1
717,信号 機 信号 赤色 なっ 交差 点 すでに 右折 し いる 車 その まま 進行 する こと できる,1
718,駐車 禁止 場所 で あっ 荷物 積みおろし 場合 限っ 時間 関係 なく 駐車 認め られる,0
719,車両 車両 通行 帯 有無 関係 なく トンネル 中 追い越し 禁止 さ れ いる,0
720,自動 車 一般 原動 機 付 自転 車 交通 混雑 し いる 道路 路側 帯 ある とき その 路側 帯 中 通行 する こと できる,0
721,車両 停留 所 止まっ いる 路線 バス 追いつい た とき 一時 停止 し バス 発進 する その 横 通過 し なら ない,0
722,仮 運転 免許 第 一 種 運転 免許 受けよう する 者 練習 ため 大型 自動 車 普通 自動 車 又 大型 特殊 自動 車 運転 しよう する 場合 必要 な 免許 で ある,0
723,車両 交差 点 その 側端 ５ メートル 以内 部分 駐車 停車 し なら ない,1
724,図 警察 官 灯火 よる 信号 意味 矢印 方向 接近 する 交通 対する 信号 機 赤色 灯火 信号 同じ で ある,0
725,一般 通行 車両 一方 通行 道路 緊急 自動 車 進路 ゆずる 場合 左側 寄る かえって さまたげ なる とき 道路 右側 寄ら なけれ なら ない,1
726,自動 車 運転 し 追い越し 始める とき ハンドル 操作 手ぎわ よく する ため あらかじめ 前車 車間 距離 短く し 始める よい,0
727,車両 車両 通行 帯 ある 道路 追い越し やむ 得 ない 場合 ほか 二 つ 車両 通行 帯 またがっ 通行 し なら ない,1
728,交通 整理 中 警察 官 腕 垂直 に 上げ いる とき 警察 官 身体 正面 対面 する 交通 つい 信号 機 赤色 灯火 信号 同じ 意味 で ある,1
729,一方 通行 道路 駐停車 する とき 道路 側端 沿っ 止めれ 左右 どちら 側 駐停車 し よい,0
730,車両 等 横断 歩道 近づい た 場合 歩行 者 横断 し いる とき 一時 停止 し なけれ なら ない これ 横断 しよう し いる 場合 徐行 すれ 通行 し よい,0
731,６ 才 未満 幼児 普通 自動 車 乗車 さ せる 際 幼児 体型 応じ た 幼児 用 補助 装置 チャイルド シート 用い なけれ なら ない,1
732,自動 車 また 一般 原動 機 付 自転 車 運転 中 横断 歩道 自転 車 横断 帯 手前 止まっ いる 車 ある とき その 側方 通過 し 前方 出る 前 一時 停止 し なけれ なら ない,1
733,車両 等 運転 者 やむなく 坂道 車 止め 車 離れる とき 危険 防止 ため 輪 止め し おか なけれ なら ない,1
734,普通 貨物 自動 車 ミニカー 除く 一般 道路 法定 最高 速度 50 キロメートル毎時 で ある,0
735,正面 信号 青色 とき 車 直進 し 左折 し 右折 する こと できる,0
736,右折 する とき 内輪 差 生じ ない,0
737,歩道 車道 区別 ない 道路 車 歩行 者 そば 通る とき 必ず 徐行 し なけれ なら ない,0
738,児童 幼児 乗り降り ため 停止 し いる 通学 通園 バス 側方 通る とき バス 間 安全 な 間隔 とれれ 徐行 し ない 通っ よい,0
739,車両 一方 通行 なっ いる 道路 道路 中央 右 部分 はみ出し 通行 する こと できる,1
740,バス 路面 電車 停留 所 10 メートル 以内 追い越し 禁止 さ れ いる 運行 時間 外 除く,0
741,大型 乗用 自動 車 一般 道路 法定 最高 速度 60 キロメートル毎時 で ある,1
742,停止 距離 ブレーキ きき 始め 車 停止 する 距離 いう,0
743,車両 歩道 路側 帯 ない 道路 道路 左側 端 沿っ 駐車 し なけれ なら ない,1
744,二 輪 車 乗る とき 両ひじ のばし た 姿勢 運転 する,0
745,オートマチック 車 エンジン 始動 する とき ハンド ブレーキ かけ チェンジ レバー Ｐ パーキング 位置 ある こと 確認 し ブレーキ ペダル 踏ん 始動 する,1
746,けん引 ため 構造 装置 ある 車 で 車両 総 重量 ７５０ Ｋｇ けん引 さ れる ため 構造 装置 ある 車 けん引 する とき けん引 免許 いら ない,1
747,交差 点 警察 官 止まれ 手 信号 し い た で 警察 官 １ メートル 手前 停止 し た,0
748,ブレーキ ペダル 強く 踏ん だ とき スポンジ 踏ん だ よう に フワフワ し た 感じ する とき ブレーキ 液 もれ いる,0
749,高速 道路 おけ る 大型 貨物 自動 車 最高 速度 ９０ キロメートル毎時 で ある,1
750,高速 自動 車 国道 故障 し た 自動 車 ロープ けん引 し いる 自動 車 通行 でき ない,1
751,オートマチック 車 駐車 し 車 離れる とき チェンジ レバー 上り坂 Ｌ 平地 下り坂 Ｒ 位置 入れ おく,0
752,自動 車 右側 ３ ５ メートル 余地 ない 道路 荷物 積む ため 車 そば 運転 者 さしず し １０ 分間 車 止め た,1
753,下り坂 フット ブレーキ きか なく なっ た とき ハンド ブレーキ 引い 効果 ない で 山側 みぞ 車輪 落とし 道路 わき 土砂 突っ込ん 止める ほか 方法 ない,0
754,停止 位置 直前 信号 赤色 変わっ 安全 に 停止 でき ない とき その まま 進行 し よい,0
755,まがり 角 見通し よく 悪く 追越し 禁止 さ れ いる,1
756,歩行 者 用 道路 警察 署 長 許可 受けれ 通行 する こと できる 歩行 者 い い なく 必ず 徐行 し なけれ なら ない,1
757,踏切 内 故障 し た とき まず 故障 車 移動 全力 つくし どう し 動か ない 場合 最後 手段 し 踏切 支障 報知 装置 使う,0
758,赤色 信号 同時 青色 矢印 信号 出 た とき 二 段階 右折 方法 右折 する 一般 原動 機 付 自転 車 矢印 信号 従っ 右折 する こと できる,0
759,燃料 計 Ｆ 満タン Ｅ 燃料 切れ ガス 欠 寸前 示す,1
760,交通 整理 行わ れ い ない 交差 点 道幅 同じ で あれ 先 交差 点 入っ た 車 優先 する,0
761,夜間 高速 道路 故障 ため やむ 得 ず 駐停車 する とき 停止 表示 機材 置け 非常 点滅 表示 灯 駐車 灯 尾 燈 つけ なく よい,0
762,トラック 荷物 積み 荷物 見張り ため 荷台 一人 乗せる とき 警察 署 長 許可 いら ない,1
763,乗車 定員 １２ 才 未満 子供 ３ 人 大人 ２人 し 計算 する,1
764,自動 二 輪 車 一般 原動 機 付 自転 車 荷物 積む 場合 荷台 後方 ３０ センチメートル はみ出し 積ん よい,1
765,安全 地帯 左側 その 前後 １０ メートル 以内 場所 追越し 禁止 さ れ いる,0
766,仮 免許 運転 違反 資格 者 同乗 指導 受け ない 運転 する 仮 免許 取り消し なる,1
767,クラッチ ペダル 遊び 多い クラッチ 切れ 悪く ギヤ 入り にくく なる,1
768,冷却 水 不足 し エンジン オーバーヒート し た とき ただちに エンジン 止め 水 補給 し なけれ なら ない,0
769,ハンド ブレーキ 完全 に もどさ ない 走行 し いる フット ブレーキ きか なく なる こと ある,1
770,フェード 現象 ブレーキ 液 中 気泡 生じ ブレーキ ペダル 踏ん 油圧 伝え られ ない ため ブレーキ きか なく なる こと で ある,0
771,同じ 距離 で あっ 小型 車 近く 大型 車 遠く 感じる,0
772,パワー ステアリング 車 走行 中 エンスト する ハンドル 重く なる で 注意 必要 で ある,1
773,じゃり道 舗装 道路 くらべ 摩擦 力 大きい,0
774,止まっ いる もの 衝突 する とき もし 速度 半分 下げる こと でき た する 衝突 時 受ける 力 おおむね ４ 分 １ すむ,1
775,"車両 総 重量 １２ トン 12 , 000 キログラム 車 大型 免許 受け い ない 運転 でき ない",1
776,普通 免許 受け いれ １ ８ トン 積み トラック 運転 する こと できる,1
777,二 輪 免許 自動 二 輪 車 一般 原動 機 付 自転 車 運転 する こと できる 小型 特殊 自動 車 運転 する こと でき ない,0
778,小型 特殊 免許 小型 特殊 自動 車 一般 原動 機 付 自転 車 運転 できる,0
779,普通 二 輪 車 普通 二 輪 免許 受け い 免許 受け い た 期間 １ 年 未満 者 二人乗り し いけ ない,1
780,車両 通行 帯 ない 道路 軽 車両 左側 端 一般 原動 機 付 自転 車 左寄り 自動 車 道路 中央 寄り 通行 し なけれ なら ない,0
781,二 輪 車 運転 する 場合 前輪 ブレーキ 後輪 ブレーキ くらべ き き 悪い で 普通 後輪 ブレーキ おもに 使い 前輪 ブレーキ 緊急 時 使う,0
782,高速 道路 大型 普通 自動 二 輪 車 二人乗り できる 自動 二 輪 車 運転 経験 ３ 年 以上 年齢 ２０ 才 以上 で なけれ なら ない,1
783,一般 原動 機 付 自転 車 幼児 用 補助 乗車 装置 つけれ ６ 才 未満 幼児 １ 名 限り 乗車 さ せる こと できる,0
784,普通 免許 二 輪 免許 原付 免許 取得 し １ 年 以内 交通 違反 犯し 違反 点数 規定 基準 達し た ため 再 試験 通知 受け た 者 再 試験 受け なかっ 再 試験 合格 し なかっ た 場合 その 免許 取り消し なる,1
785,高速 自動 車 国道 おけ る 普通 自動 車 三 輪 除く 最高 速度 １００ キロメートル毎時 で ある,1
786,普通 自動 車 車両 総 重量 同じ 故障 し た 普通 自動 車 けん引 する 場合 最高 速度 ４０ キロメートル毎時 で ある,0
787,同一 方向 進行 し 進路 変えよう する とき 進路 変えよう する 約 ３０ メートル 手前 合図 し なけれ なら ない,0
788,大型 免許 大型 自動 二 輪 車 運転 でき ない,1
789,右折 左折 また 転回 合図 する 時期 いずれ 同じ で ある,1
790,高速 自動 車 国道 本線 車 道 おけ る 普通 自動 車 三 輪 除く 最高 速度 すべて １００ キロメートル毎時 で ある,1
791,大型 貨物 自動 車 中型 貨物 自動 車 準 中型 貨物 自動 車 普通 貨物 自動 車 積み荷 大き さ 長 さ 自動 車 １ １ 倍 幅 自動 車 幅 高 さ 地上 ３ ８ メートル それぞれ こえ なら ない,0
792,速度 同じ で あれ 荷物 重量 軽い 場合 重い 場合 ほう 制動 距離 短く なる,0
793,トンネル 中 車両 通行 帯 あっ 追越し 禁止 さ れ いる,0
794,安全 地帯 そば 通る 場合 歩行 者 いる とき 徐行 し なけれ なら ない い ない とき 徐行 し なく よい,1
795,乗車 定員 ５ 人 普通 乗用 車 運転 者 他 大人 ２人 １１ 才 子供 ３ 人 乗っ 定員 超過 なら ない,1
796,安全 地帯 ない 停留 所 止まっ いる 路面 電車 乗り降り する 人 い 路面 電車 間 1 5 メートル 以上 間隔 保つ こと できる とき 徐行 し その 側方 通過 する こと できる,0
797,交差 する 道路 優先 道路 で ある とき その 幅 広い とき 必ず 徐行 し なけれ なら ない 状況 よっ 一時 停止 し 交差 道路 通行 する 車 進行 妨げ なら ない,1
798,徐行 しよう する とき 合図 時期 徐行 しよう する とき で ある,1
799,冷却 水 点検 エンジン かけ リザーバ タンク 調べ ラジエター キャップ はずし 行う,0
800,前車 一般 原動 機 付 自転 車 追い越そう し いる とき その 車 追い越す 二 重 追越し なる,0
801,図 交差 点 おい Ａ 車 ア 地点 通行 する とき 徐行 し なけれ なら ない,0
802,踏切 踏切 手前 １０ メートル 以内 ところ 駐車 し いけ ない すぐ 向こう側 で あれ 駐車 し よい,0
803,高速 自動 車 国道 自動 二 輪 車 二人乗り できる 自動 二 輪 車 運転 経験 ３ 年 以上 年齢 ２０ 歳 以上 で なけれ なら ない 自動 二 輪 車 運転 経験 １ 年 以上 あれ 自動 車 専用 道路 み 二人乗り する こと できる,0
804,車 他 車 追い越す とき 前車 左側 十分 な 間隔 あれ 左側 追い越し よい,0
805,出発 地 警察 署 長 許可 あれ 荷台 座席 以外 場所 荷物 積ん 荷台 人 乗せ 運転 する こと できる,1
806,自動 車 運転 認知 判断 操作 分け られ この うち とくに 大切 な 操作 交通 事故 大半 操作 誤り よっ 起き いる,0
807,高速 道路 登坂 車線 本線 車 道 含ま れる,0
808,徐行 しよう する とき 停止 しよう する とき 手 合図 方法 同じ で ある,1
809,普通 免許 二 輪 免許 原付 免許 取得 し １ 年 以内 交通 違反 犯し 違反 点数 合計 ３ 点 以上 なっ た とき １ 回 違反 ３ 点 達し た とき 除く 初心 運転 者 講習 受ける こと できる,1
810,ブレーキ き き 悪かっ た で 交通 量 少ない 道路 選ん 運転 し た,0
811,乗車 定員 １０ 人 車 中型 免許 以上 ない 運転 でき ない,0
812,二 輪 車 ブレーキ かける とき 前輪 ブレーキ 後輪 ブレーキ 同時 かける よい,1
813,一般 道路 法定 最高 速度 ６０ キロメートル毎時 車 すべて 高速 自動 車 国道 本線 車 道 １００ キロメートル毎時 走行 できる,0
814,近く 交差 点 ない 道路 緊急 自動 車 進路 ゆずる とき 道路 左側 寄っ 進路 ゆずれ よい 一方 通行 路 除く,1
815,正面 信号 赤色 灯火 黄色 灯火 矢印 示し いる とき 自動 車 黄色 矢印 方向 進ん よい,0
816,高速 道路 故障 ため やむ 得 ず 駐車 する 場合 車 後方 路上 停止 表示 機材 置き 後続 車 運転 者 わかる よう に し なけれ なら ない 歩行 困難 な 場合 停止 表示 灯 車 側方 路上 置い よい,1
817,一般 道路 大型 貨物 自動 車 最高 速度 ５０ キロメートル毎時 で ある,0
818,舗装 道路 雨 降り 始め ほう 降っ いる 最中 スリップ し やすい,1
819,交差 点 対面 する 信号 青色 場合 車 すべて 直進 し 左折 し 右折 する こと できる,0
820,遠心 力 およそ 速度 ２ 乗 比例 し 大きく なり カーブ 半径 小さい 大きく なる,1
821,高速 自動 車 国道 本線 車 道 道路 構造 上 往復 方向 別 に 分離 さ れ い ない 区間 普通 自動 車 最高 速度 ６０ キロメートル毎時 で ある,1
822,大型 特殊 免許 運転 できる 大型 自動 車 中型 自動 車 大型 特殊 自動 車 小型 特殊 自動 車 一般 原動 機 付 自転 車 で ある,0
823,普通 免許 受け いれ １ ． ５ トン 積み トラック 運転 する こと できる,1
824,自動 二 輪 車 自動 二 輪 免許 受け い 免許 受け い た 期間 １ 年 未満 者 二人乗り し いけ ない,1
825,同一 方向 二 つ 車両 通行 帯 ある 道路 速度 遅い 車 左側 通行 帯 速度 速い 車 右側 通行 帯 通行 する,0
826,路線 バス 等 優先 通行 帯 普通 自動 車 通行 中 通園 バス 後方 接近 し き た 路線 バス ない で その まま 通行 し た,0
827,道路 面し た 場所 出入り する ため 歩道 路側 帯 横切る とき 徐行 し 歩行 者 通行 妨げ ない よう に し なけれ なら ない,0
828,制動 距離 空走 距離 停止 距離 合わせ た もの で ある,0
829,こう配 急 な 上り坂 徐行 す べき 場所 なっ い ない,1
830,タイヤ 路面 摩擦 空走 距離 制動 距離 大きな 関係 ある,0
831,オートマチック 車 チェンジ レバー Ｐ パーキング Ｎ ニュートラル 以外 位置 エンジン かから ない,1
832,自動 二 輪 車 一般 原動 機 付 自転 車 荷台 どちら ６０ キログラム 荷物 積む こと できる,0
833,サイド ミラー ルーム ミラー ほう 後続 車 距離 正しく 目測 する こと できる,1
834,貨物 自動 車 高速 走行 する とき 車 積み荷 重心 高い 方 安定 し た 走行 できる,0
835,二 輪 車 カーブ まがる 時 遠心 力 対抗 する ため 車体 外側 傾け まがる よう に する,0
836,トラック 荷台 荷物 見張り ため 人 １人 乗せる 場合 警察 署 長 許可 受け ず 乗せる こと できる,1
837,交通 事故 起き た 場合 続発 事故 防ぐ ため 他 交通 妨げ なら ない よう な 安全 な 場所 車 移動 さ せ エンジン 切っ おく よう に する,1
838,４００ cc 自動 二 輪 車 荷物 積む 場合 高 さ 制限 地上 ２ メートル 以下 さ れ いる,1
839,故障 車 ロープ けん引 する 場合 ロープ 長 さ ５ メートル 以内 ロープ 中央 ０ ． ３ メートル 平方 以上 赤布 つけ なけれ なら ない,0
840,運転 者 同乗 者 不 用意 ドア 開け し ない よう に 注意 する 義務 ある,1
841,乗車 定員 １０ 人 自動 車 普通 免許 運転 する こと できる,1
842,検査 標章 色 数字 検査 受け た 年月 表す,0
843,図 路側 帯 設け られ いる 道路 駐車 する 場合 左側 ０ ． ７５ メートル 以上 余地 空ける こと できれ 路側 帯 中 入っ 駐車 する こと できる,1
844,オートマチック 車 Ｄ レンジ 走行 中 何 ら 原因 エンジン 止まっ しまっ た 場合 一旦 Ｎ レンジ 戻さ ない エンジン スイッチ 作動 し ない,1
845,６６０ cc 以下 普通 自動 車 高速 自動 車 国道 最高 速度 ８０ キロメートル毎時 で ある,0
846,カーブ 走行 する 時 速度 ２ 倍 なる 遠心 力 ４ 倍 なる,1
847,高速 道路 故障 し 停止 する 場合 夜間 停止 表示 機材 置か なけれ なら ない 昼間 非常 点滅 表示 灯 つけれ 停止 表示 機材 置か なく よい,0
848,乗車 定員 ５ 人 乗用 車 運転 者 他 １２ 歳 子供 ６ 人 乗せる こと できる,0
849,交通 事故 発生 し た 場合 人身 事故 なっ た 場合 必ず 警察 官 届出 必要 で ある 物損 事故 場合 届出 必要 ない,0
850,タイヤ 空気 圧 低い 状態 高速 走行 続ける スタンディング ウエーブ 現象 起きる 危険 性 ある,1
851,高速 自動 車 国道 自動 車 専用 道路 自動 二 輪 車 二人乗り 自動 二 輪 車 運転 経験 １ 年 以上 あれ 行う こと できる,0
852,交通 事故 責任 事故 起こし た 運転 者 ある で 車 貸し た 者 責任 ない,0
853,荷物 軽い 時 比べ 重い 時 方 タイヤ 接地 抵抗 増す で 荷物 重い 時 方 制動 距離 短く なる,0
854,ハンドル ブレーキ 故障 し いる 車 徐行 し で 運転 し なら ない,1
855,道路 自動 車 保管 場所 し 使用 し なら ない,1
856,車 離れる 時 ほんの 少し 間 エンジン 止め キー 抜き ドア ロック し 盗難 防止 措置 し なけれ なら ない,1
857,エンジン かかっ い ない 一般 原動 機 付 自転 車 自動 二 輪 車 押し 歩く とき 歩行 者 し 扱わ れる,1
858,オートマチック 車 エンジン ブレーキ 効果 ない で 下り坂 ブレーキ ペダル ハンド ブレーキ 減速 する よい,0
859,一方 通行 道路 駐車 する とき 道路 側端 沿っ 止めれ 左右 どちら 側 駐車 し よい,0
860,交通 渋滞 し いる とき 横断 歩道 自転 車 横断 帯 中 入っ 停止 し やむ 得 ない,0
861,車 下 冷却 水 オイル 漏れ いる とき 故障 考え られる で 運転 し なら ない 空調 装置 排水 異常 で ない,1
862,高速 道路 登坂 車線 重い 荷物 積ん だ 貨物 自動 車 走行 する ため もの な で 普通 乗用 自動 車 登坂 車線 通行 する こと でき ない,0
863,オートマチック 車 クリープ 現象 チェンジ レバー Ｄ レンジ 入っ いる 状態 アクセル 踏ま なく 動き 出す 現象 いう,1
864,前 照 燈 故障 し 点灯 し なかっ た 昼間 運転 する で あれ その まま 運転 し かまわ ない,0
865,時速 ６０ キロメートル毎時 速度 衝突 し た とき ビル ５ 階 約 １４ メートル 落ち た 場合 同 程度 衝撃 力 受ける こと なる,1
866,故障 車 ロープ けん引 する 場合 けん引 免許 持っ い なく 運転 する こと できる,1
867,タイヤ 空気 圧 徐々 減少 する こと ある で 日常 点検 等 確認 する こと 大切 で ある,1
868,駐車 禁止 場所 で あっ 運転 者 運転 席 乗車 し た 状態 で あれ ５ 分 以内 限り 友人 待つ ため 停車 する こと できる,0
869,往復 方向 別 に 分離 さ れ いる 高速 自動 車 国道 最低 速度 ５０ キロメートル毎時 で ある,1
870,総 排気 量 １２５ cc 自動 二 輪 車 高速 自動 車 国道 で なく 自動 車 専用 道路 通行 する こと でき ない,1
871,こう配 急 な 坂道 駐車 し なら ない,1
872,運転 する こと 明らか な 人 飲酒 さ せ た 場合 酒 すすめ た 人 処罰 受ける こと ある,1
873,消火 栓 ５ メートル 以内 場所 駐停車 禁止 さ れ いる,0
874,ＡＢＳ アンチ ロック ブレーキ システム つい いる 車 急 ブレーキ かけ た 場合 ブレーキ ペダル 小刻み に 振動 する 異常 で ない,1
875,パンク し た タイヤ 交換 する 時 車輪 ジャッキ アップ する 前 車輪 締め付け いる ナット 少し ゆるめ おく,1
876,交差 点 走行 中 緊急 自動 車 接近 し き た で 直ちに 交差 点 内 停止 し た,0
877,徐行 停止 する とき 合図 し なけれ なら ない,1
878,前車 一般 原動 機 付 自転 車 追い越そう し いる とき その 車 追い越し 二 重 追い越し なら ない,1
879,自動 車 車道 左側 端 停車 し い 発進 しよう する 場合 合図 右折 場合 同じ 要領 おこない 安全 確認 し なけれ なら ない,1
880,四 輪 車 運転 者 左折 しよう する とき バック ミラー 見え ない 部分 二 輪 車 自転 車 いる こと 予測 し 方向 指示 器 より 自分 意思 知ら せる こと 必要 で ある,1
881,対向 車 ライト まぶしい とき 視線 やや 右 前方 移し 目 くらま ない よう に する,0
882,大型 特殊 免許 運転 できる 大型 特殊 自動 車 大型 自動 車 小型 特殊 自動 車 一般 原動 機 付 自転 車 で ある,0
883,一般 車両 交差 点 交差 点 付近 緊急 自動 車 近づい き た 場合 交差 点 さけ 道路 左側 寄っ 一時 停止 し なけれ なら ない,1
884,仮 運転 免許 練習 又 路上 試験 技能 検定 受ける 場合 ほか 路上 運転 し なら ない,1
885,道路 外 施設 進入 する ため 歩道 横切る とき 歩行 者 ある なし 係わら ず 必ず 一時 停止 し 安全 確かめ なけれ なら ない,1
886,進路 変更 する とき まず 方向 指示 器 合図 し 安全 確認 する,0
887,信号 機 信号 赤色 なっ 交差 点 すでに 右折 し いる 車 その まま 進行 する こと できる,1
888,障害 物 ある 場所 すれちがう とき 障害 物 ある 方 進行 する 車 優先 し 通行 する こと 出来る,0
889,図 交差 点 さしかかっ た Ａ 車 ア 交差 点 手前 徐行 し なけれ なら ない,0
890,歩行 者 自転 車 そば 通る とき 必ず 徐行 し なけれ なら ない,0
891,車両 車両 通行 帯 有無 関係 なく トンネル 中 追い越し 禁止 さ れ いる,0
892,自動 車 一般 原動 機 付 自転 車 交通 混雑 し いる 道路 路側 帯 ある とき その 路側 帯 中 通行 する こと できる,0
893,前方 交差 点 左折 しよう する とき 左側 通行 する 車 安全 考え 道路 中央 寄っ 徐行 し 左折 する,0
894,車両 停留 所 止まっ いる 路線 バス 追いつい た とき 一時 停止 し バス 発進 する その 横 通過 し なら ない,0
895,仮 運転 免許 第 一 種 運転 免許 受けよう する 者 練習 ため 大型 自動 車 中型 自動 車 準 中型 自動 車 普通 自動 車 又 大型 特殊 自動 車 運転 しよう する 場合 必要 な 免許 で ある,0
896,車 横断 歩道 ない 交差 点 その 近く 歩行 者 横断 し いる とき その 通行 妨げ いけ ませ ん,1
897,この 警察 官 灯火 よる 信号 意味 矢印 方向 接近 する 交通 対する 信号 機 青色 灯火 信号 同じ で ある,0
898,運転 免許 第 一 種 運転 免許 第 二 種 運転 免許 及び 仮 運転 免許 三 種 ある,1
899,一般 通行 車両 一方 通行 道路 緊急 自動 車 進路 ゆずる 場合 左側 寄る かえって さまたげ なる とき 道路 右側 寄ら なけれ なら ない,1
900,自動 車 運転 し 追い越し 始める とき ハンドル 操作 手ぎわ よく する ため あらかじめ 前車 車間 距離 短く し 始める よい,0
901,車両 車両 通行 帯 ある 道路 追い越し やむ 得 ない 場合 ほか 二 つ 車両 通行 帯 またがっ 通行 し なら ない,1
902,交通 整理 中 警察 官 腕 垂直 に 上げ いる とき 警察 官 身体 正面 対面 する 交通 つい 信号 　 機 赤色 灯火 信号 同じ 意味 で ある,1
903,歩行 者 横断 歩道 以外 場所 横断 し いる とき 車 方 優先 する で 警音 器 鳴らし 走行 すれ よい,0
904,車両 等 横断 歩道 近づい た 場合 歩行 者 横断 し いる とき 一時 停止 し なけれ なら ない これ 横断 しよう し いる 場合 徐行 すれ 通行 し よい,0
905,仮 運転 免許 路上 練習 する 場合 初心 者 マーク 車 前後 つけ なけれ なら ない,0
906,自動 車 また 一般 原動 機 付 自転 車 運転 中 横断 歩道 自転 車 横断 帯 手前 止まっ いる 車 ある とき その 側方 通過 し 前方 出る 前 一時 停止 し なけれ なら ない,1
907,交通 整理 行わ れ い ない 交差 点 道幅 同じ で ある 場合 左方 車 ゆずる,1
908,普通 貨物 自動 車 ミニカー 除く 一般 道路 法定 最高 速度 50 キロメートル毎時 で ある,0
909,正面 信号 青色 とき 車 直進 し 左折 し 右折 する こと できる,0
910,右折 する とき 内輪 差 生じ ない,0
911,歩道 車道 区別 ない 道路 車 歩行 者 そば 通る とき 必ず 徐行 し なけれ なら ない,0
912,児童 幼児 乗り降り ため 停止 し いる 通学 通園 バス 側方 通る とき バス 間 安全 な 間隔 とれれ 徐行 し ない 通っ よい,0
913,車両 一方 通行 なっ いる 道路 道路 中央 右 部分 はみ出し 通行 する こと できる,1
914,バス 路面 電車 停留 所 10 メートル 以内 追い越し 禁止 さ れ いる 運行 時間 外 除く,0
915,大型 乗用 自動 車 一般 道路 法定 最高 速度 60 キロメートル毎時 で ある,1
916,停止 距離 ブレーキ きき 始め 車 停止 する 距離 いう,0
917,初心 運転 者 期間 交通 違反 し 再 試験 対象 初心 運転 者 なり 再 試験 不 合格 なる 免許 取り消さ れる,1
918,タクシー グリーン ナンバー 付け いる で 修理 回送 時 二 種 免許 保持 者 で なけれ 運転 し なら ない,0
919,交通 整理 中 警察 官 腕 垂直 に 上げ いる とき 警察 官 身体 正面 対面 する 交通 つい 信号 機 黄 信号 同じ 意味 で ある,0
920,普通 貨物 自動 車 一般 道路 おけ る 法定 速度 ６０ キロメートル毎時 で ある,1
921,トンネル 中 原則 し 追い越し 禁止 さ れ いる,1
922,高齢 車 マーク 付け 高齢 者 運転 し いる 車両 側方 幅 よせ し なら ない,1
923,路線 バス 専用 通行 帯 で あっ 一般 原動 機 付 自転 車 小型 特殊 自動 車 軽 車両 通行 する こと できる,1
924,追い越し 禁止 道路 で あっ 一般 原動 機 付 自転 車 追い越す こと 違反 なら ない,0
925,対面 する 信号 機 青色 なっ た 場合 どんな 場合 直ちに 発進 し なけれ なら ない,0
926,横断 歩道 直前 停止 し いる 一般 原動 機 付 自転 車 ある とき 他 車両 徐行 し 通過 し なけれ なら ない,0
927,重い 荷物 積ん いる とき 制動 距離 長く なる,1
928,小型 特殊 自動 車 免許 一般 原動 機 付 自転 車 運転 する こと できる,0
929,運転 免許 証 また 免許 情報 記録 個人 番号 カード 携帯 し ない 運転 する 無 免許 運転 なる,0
930,転回 合図 出す 時期 右折 合図 出す 時期 同じ で ある,1
931,普通 免許 取得 後 １ 年間 普通 自動 車 運転 する 際 初心 者 マーク 車 前後 つけ なけれ なら ない,1
932,運転 席 運転 席 横 座席 人 乗せる とき シート ベルト 着用 し なけれ なら ない 後部 座席 人 乗せる とき 着用 さ せる 義務 ない,0
933,制限 速度 30 キロメートル毎時 以下 道路 シート ベルト 着用 し ない 運転 し よい,0
934,進路 変更 する とき まず 後方 よく 確かめ 合図 出す,1
935,交差 点 右折 する とき 図 よう に 進行 する 正しい,0
936,自動 車 交通 整理 行わ れ いる 交差 点 道路 左側 部分 車両 通行 帯 ３ 以上 設け られ いる 道路 左折 車線 通行 し き た とき 左折 し なけれ なら ない,1
937,こども 一人歩き し いる そば 通る とき 警音 機 鳴らし 通行 する,0
938,左図 よう に 進路 変え なら ない,0
939,前方 信号 機 青色 左向き 矢印 表示 し いる とき 一般 原動 機 付 自転 車 左折 する こと でき ない,0
940,体 一定 量 以上 アルコール 帯び 運転 し なら ない ビール アルコール 分 少ない 少し なら 飲ん 運転 し よい,0
941,片側 一 車線 道路 渋滞 し いる とき 中央 線 右側 部分 走行 する こと できる,0
942,仮 免許 路上 練習 する 場合 免許 歴 問わ ず その 自動 車 運転 する こと できる 免許 持っ いる 人 同乗 指導 うけれ よい,0
943,中央 線 ない じゃり道 対向 車 ある 時 除き 道路 中央 走行 できる,0
944,近く 交差 点 ない 道路 緊急 自動 車 進路 ゆずる とき 道路 左側 寄れ よく 必ず 一時 停止 する 必要 ない,1
945,交差 点 中 後方 緊急 自動 車 接近 し き た こと 知っ た とき 直ちに その 場 停止 し なけれ なら ない,0
946,前方 交差 点 左折 しよう する とき 左側 通行 する 車 安全 考え 道路 中央 寄っ 徐行 し 左折 する,0
947,歩道 路側 帯 ない 道路 左端 0 5 メートル 部分 自動 車 乗り入れ 通行 し なら ない 二 輪 もの 除く,1
948,人 乗り降り ため 停止 し いる 通学 通園 バス 追い付い た とき 後方 停止 し なけれ なら ない,0
949,こども 前部 座席 乗せる こと こども とっ 危険 で あり また 運転 操作 支障 なる 場合 ある で 後部 座席 補助 装置 使用 し 乗せる よう に する,1
950,安全 地帯 ある 停留 所 停止 中 路面 電車 追いつい た とき 乗降 客 横断 歩行 者 注意 し 徐行 し 通過 する こと できる,1
951,車 運転 者 横断 歩道 歩行 者 い なく 徐行 し 通行 し なけれ なら ない,0
952,制動 距離 空走 距離 停止 距離 合わせ た もの で ある,0
953,普通 自動 車 車両 総 重量 同じ 故障 し た 普通 自動 車 けん引 する 場合 最高 速度 ３０ キロメートル毎時 で ある,1
954,右折 左折 しよう する とき 必ず 徐行 し なけれ なら ない,1
955,オートマチック 車 始動 直後 エアコン 作動 時 エンジン 回転 数 高く なり 急 発進 する 危険 ある で 注意 する,1
956,交差 点 対面 する 信号 機 黄色 とき 人 車 原則 し 交差 点 手前 止まれ 指示 し いる,1
957,転回 する とき 合図 右折 する とき 合図 同じ で ある,1
958,小型 特殊 自動 車 免許 一般 原動 機 付 自転 車 運転 する こと できる,0
959,重い 荷物 積ん いる 場合 制動 距離 長く なる で 前車 対し 車間 距離 十分 とる よう に する,1
960,普通 免許 小型 特殊 自動 車 一般 原動 機 付 自転 車 運転 する こと できる,1
961,仮 免許 受け 道路 運転 する 場合 同乗 指導 者 運転 経歴 関係 なく その 車 運転 できる 免許 受け いれ よい,0
962,普通 免許 ２ ． ５ トン 積み トラック 運転 する こと でき ない,1
963,普通 二 輪 免許 受け た 期間 通算 し １ 年 達し ない 者 ２人乗り し いけ ない,1
964,自動 二 輪 車 一般 原動 機 付 自転 車 エンジン 止め 押し 歩く とき 歩行 者 し 扱わ れる,1
965,交差 点 ない 道路 後方 緊急 自動 車 近づい き た とき 左端 寄っ 一時 停止 し なけれ なら ない,0
966,左側 部分 道幅 ６ メートル ない 道路 追い越し する とき 中央 右側 はみ出す こと できる 道路 中央 黄線 ひか れ いる 場合 除く,1
967,同一 方向 ３ つ 車両 通行 帯 ある 道路 特に 車 通行 区分 指定 さ れ い ない とき もっとも 右側 通行 帯 あけ 通行 する,1
968,ガソリン スタンド 入る ため 歩道 横切る とき 徐行 し なけれ いけ ない,0
969,一般 原動 機 付 自転 車 右折 方法 交通 整理 行わ れ いる 交差 点 軽 車両 同じ 方法 右折 し なけれ なら ない 場合 ある,1
970,通園 通学 バス 止まっ いる とき 後方 車 バス 発進 する その 横 通過 し なら ない,0
971,空走 距離 路面 状態 関係 ない 制動 距離 路面 状態 関係 ある,1
972,共同 危険 行為 違反 あおっ た 人 車 運転 し い なく 免許 取り消さ れる こと ある,1
973,横断 歩道 その 手前 30 メートル 以内 追い越し 行う こと でき ない 追い抜き し かまわ ない,0
974,車 運転 する とき みだり に 進路 変え なら ない,1
975,トンネル 車両 通行 帯 ない とき かぎり 追い越し 禁止 さ れる,1
976,前 車 一般 原動 機 付 自転 車 追い越そう し いる とき 自分 その 前 車 追い越し 始めれ 二 重 追い越し なる,0
977,踏切 その 手前 ３０ メートル 以内 ところ 追い越し し いけ ない,1
978,図 よう な 信号 機 ない 交差 点 Ａ 車 徐行 し Ｂ 車 進行 妨げ ない よう に する,0
979,車 こう配 急 な 上り坂 ､「 上り坂 頂上 付近 」､「 こう配 急 な 下り坂 追い越し 禁止 さ れ いる,0
980,下り坂 オートマチック 車 チェンジ レバー ２ Ｌ また １ 入れ エンジン ブレーキ 活用 する,1
981,交通 整理 行わ れ い ない 交差 点 道路 幅 同じ 場合 徐行 する 必要 ない,0
982,踏切 通過 する とき 低速 ギヤ まま 一気 渡り 切る よい,1
983,車 運転 者 横断 歩道 歩行 者 い なく 徐行 し 通行 し なけれ なら ない,0
984,交差 点 正面 信号 黄色 とき 人 車 原則 し 交差 点 手前 止まれ 指示 し いる,1
985,車 車庫 入れる とき バック 入れる 危険 で ある で できる 前進 入れる よう に する,0
986,中央 線 必ず 道路 中央 引か れ いる 限ら ない,1
987,安全 地帯 そば 通る とき 歩行 者 いる いない かかわら ず い なく 徐行 し なけれ なら ない,0
988,直進 し 右 左 進路 変える とき 進路 変更 しよう する 約 ３ 秒 前 合図 し なけれ なら ない,1
989,サイド ミラー ルーム ミラー ほう 後続 車 車間 距離 目測 し やすい,1
990,停止 距離 空走 距離 制動 距離 合わせ た 距離 こと で ある,1
991,車 交通 流れ 状況 よっ きめ られ た 速度 範囲 内 運転 し なく よい 場合 ある,0
992,路側 帯 歩道 ない 道路 通行 する とき 路肩 はみださ ない よう に する,1
993,路線 バス 専用 通行 帯 小型 特殊 自動 車 一般 原動 機 付 自転 車 軽 車両 通行 できる,1
994,免許 証 また 免許 情報 記録 個人 番号 カード 携帯 し ない 車 運転 する 無 免許 運転 なる,0
995,正面 信号 黄色 点滅 し いる 時 一時 停止 し た うえ 他 交通 注意 し 進行 する,0
996,制動 距離 空走 距離 停止 距離 合わせ た もの で ある,0
997,後退 する とき 合図 いら ない,0
998,車両 通行 帯 ない トンネル 他 車 追い越す こと でき ない,1
999,信号 機 ある 踏切 信号 青 示し いる とき 一時 停止 し ない 通過 し よい,1
1000,乗車 定員 １１ 人 マイクロバス 普通 免許 運転 する こと できる,0
1001,通常 車間 距離 時速 ４０ キロメートル で 約 ２２ メートル 以上 時速 ８０ キロメートル で 約 ８０ メートル 以上 あける よい,1
1002,同一 方向 車両 通行 帯 二 車線 ある 道路 速度 速い 車 右側 通行 帯 遅い 車 左側 通行 帯 通行 する,0
1003,車 運転 し 交差 点 付近 進行 中 緊急 自動 車 接近 し き たら 交差 点 さけ 道路 左側 寄っ 徐行 する,0
1004,転回 合図 出す 時期 右折 合図 出す 時期 同じ で ある,1
1005,進路 変更 終わっ た とき その ３ 秒 後 合図 やめる,0
1006,上り坂 頂上 付近 こう配 急 な 下り坂 徐行 し なけれ なら ない こう配 急 な 登り坂 途中 徐行 義務 ない,1
1007,内輪 差 車 まがる とき 後輪 前輪 描く 線 内側 通る こと いう,1
1008,自動 車 一方 通行 道路 右折 する とき あらかじめ 道路 中央 寄り,0
1009,ブレーキ 制動 灯 連動 し おり これ 断続 的 に かける 後続 車 迷惑 なる で さけ た ほう よい,0
1010,徐行 停止 する とき 合図 しよう ない で 合図 し なく よい,0
1011,信号 機 より 交通 整理 行わ れ いる 見通し きか ない 交差 点 直進 する 場合 青 信号 従っ 通過 する 場合 徐行 する 義務 ない,1
1012,徐行 車 直ちに 停止 できる よう な 速度 進行 する こと いい 通常 その 速度 約 10 キロメートル毎時 以下 さ れ いる,1
1013,右折 左折 しよう する とき 必ず 徐行 し なけれ なら ない,1
1014,停留 所 止まっ いる 路線 バス 追いつい た とき バス 発進 する 後方 停止 し 待っ い なけれ なら ない,0
1015,信号 機 ある 交差 点 停止 線 ない とき 停止 位置 交差 点 直前 で ある,1
1016,仮 免許 路上 練習 路上 検定 技能 検定 受ける 場合 ほか 路上 運転 し なら ない,1
1017,運転 者 携帯 電話 運転 する 前 電源 切っ 呼び出し 音 鳴ら なく し おく よい,1
1018,横断 歩道 自転 車 横断 帯 その 手前 30 メートル 以内 場所 自動 車 一般 原動 機 付き 自転 車 追い越し 禁止 さ れ いる 追い抜き 禁止 さ れ い ない,0
1019,運転 免許 第 一 種 運転 免許 第 二 種 運転 免許 一般 原動 機 付 自転 車 免許 三 つ 区分 さ れる,0
1020,追い越し 禁止 さ れ いる 場所 一般 原動 機 付 自転 車 追い越す こと 禁止 さ れ いる,1
1021,交差 点 中 中央 線 引か れ いる 道路 優先 道路 で ある,1
1022,安全 地帯 ない 停留 所 止まっ いる 路面 電車 ある とき 乗り降り する 人 道路 横断 する 人 い なく なる 後方 停止 し 待た なけれ なら ない,1
1023,けん引 する ため 構造 装置 ある 大型 車 けん引 さ れる ため 構造 装置 ある 車 けん引 する とき 最高 速度 ４０ キロメートル毎時 で ある,0
1024,普通 免許 受け た もの 普通 自動 車 小型 特殊 自動 車 一般 原動 機 付 自転 車 運転 する こと できる,1
1025,仮 運転 免許 交通 違反 し 交通 事故 起こし 取り消し 対象 なる こと ない,0
1026,オートマチック 車 Ｐ レンジ 駐車 時 使用 する もの で 走行 中 使用 する 非常 に 危険 で ある,1
1027,自動 車 運転 する とき 免許 証 また 免許 情報 記録 個人 番号 カード 携帯 し なけれ なら ない 自動 車 損害 賠償 責任 保険 証明 書 重要 な 書類 で ある 車 別 に 保管 し おく よい,0
1028,交差 点 正面 信号 赤 点滅 し いる とき 一時 停止 する また 徐行 し 交差 点 入ら なけれ なら ない,0
1029,一般 道路 普通 乗用 自動 車 最高 速度 ６０ キロメートル毎時 で ある 普通 貨物 自動 車 最高 速度 ５０ キロメートル毎時 で ある,0
1030,白 黄色 つえ 持っ 歩い いる 目 耳 不 自由 な 人 そば 通る とき 警音 器 鳴らし 注意 あたえ 通過 する よい,0
1031,交通 整理 行わ れ い ない 道幅 同じ 道路 交差 点 通行 する とき 左方 くる 車 進行 妨げ なら ない,1
1032,一方 通行 道路 道路 中央 右側 通行 する こと できる,1
1033,見通し よい 道路 まがり 角 付近 徐行 し なく よい,0
1034,前車 追い越す とき 定め られ た 最高 速度 超える こと 出来 ない,1
1035,こう配 急 な 下り坂 自動 車 追い越す こと でき ない 一般 原動 機 付 自転 車 追い越す こと できる,0
